CustomerID,CompanyName,ContactName,Country,City,Phone
ALFKI,Alfreds Futterkiste,Maria Anders,Germany,Berlin,030-0074321
ANATR,Ana Trujillo Emparedados,Ana Trujillo,Mexico,Mexico D.F.,(5) 555-4729
ANTON,Antonio Moreno Taqueria,Antonio Moreno,Mexico,Mexico D.F.,(5) 555-3932
AROUT,Around the Horn,Thomas Hardy,UK,London,(171) 555-7788
BERGS,Berglunds snabbkop,Christina Berglund,Sweden,Lulea,0921-12 34 65
BLAUS,Blauer See Delikatessen,Hanna Moos,Germany,Mannheim,0621-08460
BOLID,Bolido Comidas preparadas,Martin Sommer,Spain,Madrid,(91) 555 22 82
BONAP,Bon app,Laurence Lebihan,France,Marseille,91.24.45.40
BOTTM,Bottom-Dollar Markets,Elizabeth Lincoln,Canada,Tsawassen,(604) 555-4729
BSBEV,B's Beverages,Victoria Ashworth,UK,London,(171) 555-1212
CACTU,Cactus Comidas para llevar,Patricio Simpson,Argentina,Buenos Aires,(1) 135-5555
CENTC,Centro comercial Moctezuma,Francisco Chang,Mexico,Mexico D.F.,(5) 555-3392
CHOPS,Chop-suey Chinese,Yang Wang,Switzerland,Bern,0452-076545
COMMI,Comercio Mineiro,Pedro Afonso,Brazil,Sao Paulo,(11) 555-7647
CONSH,Consolidated Holdings,Elizabeth Brown,UK,London,(171) 555-2282
DRACD,Drachenblut Delikatessen,Sven Ottlieb,Germany,Aachen,0241-039123
DUMON,Du monde entier,Janine Labrune,France,Nantes,40.67.88.88
EASTC,Eastern Connection,Ann Devon,UK,London,(171) 555-0297
ERNSH,Ernst Handel,Roland Mendel,Austria,Graz,7675-3425
FAMIA,Familia Arquibaldo,Aria Cruz,Brazil,Sao Paulo,(11) 555-9857
FISSA,FISSA Fabrica Inter. Salchichas,Diego Roel,Spain,Madrid,(91) 555 94 44
FOLIG,Folies gourmandes,Martine Rance,France,Lille,20.16.10.16
FOLKO,Folk och fa HB,Maria Larsson,Sweden,Brakne-Hoby,0695-34 67 21
FRANK,Frankenversand,Peter Franken,Germany,Munich,089-0877310
FRANR,France restauration,Carine Schmitt,France,Nantes,40.32.21.21
FRANS,Franchi S.p.A.,Paolo Accorti,Italy,Torino,011-4988260
FURIB,Furia Bacalhau e Frutos do Mar,Lino Rodriguez,Portugal,Lisboa,(1) 354-2534
GALED,Galeria del gastronomo,Eduardo Saavedra,Spain,Barcelona,(93) 203 4560
GODOS,Godos Cocina Tipica,Jose Pedro Freyre,Spain,Sevilla,(95) 555 82 82
GOURL,Gourmet Lanchonetes,Andre Fonseca,Brazil,Campinas,(11) 555-9482
GREAL,Great Lakes Food Market,Howard Snyder,USA,Eugene,(503) 555-7555
GROSR,GROSR'S Ceviches,Manuel Pereira,Venezuela,Caracas,(2) 283-2951
HANAR,Hanari Carnes,Mario Pontes,Brazil,Rio de Janeiro,(21) 555-0091
HILAA,HILARION-Abastos,Carlos Hernandez,Venezuela,San Cristobal,(5) 555-1340
HUNGC,Hungry Coyote Import Store,Yoshi Latimer,USA,Elgin,(503) 555-6874
HUNGO,Hungry Owl All-Night Grocers,Patricia McKenna,Ireland,Cork,2967 542
ISLAT,Island Trading,Helen Bennett,UK,Cowes,(198) 555-8888
KOENE,Koniglich Essen,Philip Cramer,Germany,Brandenburg,0555-09876
LACOR,La corne dabondance,Daniel Tonini,France,Versailles,30.59.84.10
LAMAI,La maison dauphine,Annette Roulet,France,Toulouse,61.77.61.10
LAUGB,Laughing Bacchus Wine Cellars,Yoshi Tannamuri,Canada,Vancouver,(604) 555-3392
LAZYK,Lazy K Kountry Store,John Steel,USA,Walla Walla,(509) 555-7969
LEHMS,Lehmanns Marktstand,Renate Messner,Germany,Frankfurt,069-0245984
LETSS,Lets Stop N Shop,Jaime Yorres,USA,San Francisco,(415) 555-5938
LILAS,LILA-Supermercado,Carlos Gonzalez,Venezuela,Barquisimeto,(9) 331-6954
LINOD,LINO-Delicateses,Felipe Izquierdo,Venezuela,I. de Margarita,(8) 34-56-12
LONEP,Lonesome Pine Restaurant,Fran Wilson,USA,Portland,(503) 555-9573
MAGAA,Magazzini Alimentari Riuniti,Giovanni Rovelli,Italy,Bergamo,035-640230
MAISD,Maison Dewey,Catherine Dewey,Belgium,Bruxelles,(02) 201 24 67
MEREP,Mere Paillarde,Jean Fresnieres,Canada,Montreal,(514) 555-8054
