OrderID,CustomerID,EmployeeID,OrderDate,ShippedDate,ShipCountry,ShipCity,Freight
10248,ANATR,5,1998-04-19,1998-04-21,Argentina,Buenos Aires,46.2
10249,ANTON,1,1998-02-28,1998-03-07,UK,London,45.29
10250,FOLIG,5,1998-06-18,1998-06-25,Brazil,Sao Paulo,44.63
10251,LONEP,8,1998-10-08,1998-10-09,USA,New York,194.68
10252,BLAUS,4,1998-09-03,1998-09-08,USA,New York,77.26
10253,FRANR,5,1996-12-18,1996-12-26,Argentina,Buenos Aires,137.55
10254,FRANS,5,1998-10-06,1998-10-12,UK,London,43.77
10255,FRANK,4,1998-02-21,1998-02-28,Brazil,Sao Paulo,102.89
10256,CACTU,7,1996-12-07,1996-12-18,UK,London,78.18
10257,LONEP,5,1997-10-11,1997-10-12,Australia,Melbourne,152.87
10258,FAMIA,4,1996-10-26,1996-11-01,France,Paris,49.69
10259,FRANS,6,1998-07-04,1998-07-09,Venezuela,Caracas,180.12
10260,AROUT,4,1998-06-28,1998-07-09,UK,London,181.27
10261,GREAL,7,1997-03-09,1997-03-22,Canada,Vancouver,20.68
10262,BOLID,4,1998-10-01,1998-10-15,Canada,Vancouver,39.66
10263,DRACD,3,1996-10-07,1996-10-20,Belgium,Brussels,98.16
10264,GOURL,5,1997-04-01,1997-04-14,Belgium,Brussels,139.93
10265,HILAA,3,1997-11-30,1997-12-14,France,Paris,192.23
10266,DRACD,7,1998-05-26,1998-06-09,USA,New York,188.44
10267,LEHMS,5,1997-08-13,1997-08-16,Venezuela,Caracas,64.6
10268,COMMI,9,1996-09-17,1996-09-26,Sweden,Stockholm,28.23
10269,HUNGO,5,1998-05-18,1998-06-01,USA,New York,187.91
10270,LACOR,4,1997-04-08,1997-04-13,Austria,Vienna,42.31
10271,FOLIG,3,1996-08-18,1996-08-19,Sweden,Stockholm,33.99
10272,BSBEV,7,1998-02-20,1998-03-01,Brazil,Sao Paulo,10.28
10273,BSBEV,4,1998-03-31,1998-04-12,Mexico,Mexico D.F.,195.29
10274,MAGAA,4,1998-10-03,1998-10-14,Sweden,Stockholm,33.52
10275,CONSH,4,1998-11-30,1998-12-08,Venezuela,Caracas,71.23
10276,BERGS,5,1997-04-15,1997-04-29,Spain,Madrid,129.01
10277,FISSA,7,1997-06-22,1997-07-04,Australia,Melbourne,24.9
10278,HANAR,5,1998-07-11,1998-07-16,Belgium,Brussels,66.58
10279,ALFKI,5,1997-08-23,1997-09-01,Ireland,Cork,43.62
10280,MAISD,4,1996-10-07,1996-10-21,Ireland,Cork,46.48
10281,LAUGB,4,1997-10-13,1997-10-20,Italy,Rome,99.89
10282,CONSH,3,1998-09-09,1998-09-16,Australia,Melbourne,93.98
10283,GREAL,8,1998-08-04,1998-08-18,Sweden,Stockholm,150.85
10284,FOLIG,6,1997-03-01,1997-03-06,UK,London,29.4
10285,HUNGC,8,1997-08-25,1997-08-31,Belgium,Brussels,14.33
10286,FURIB,9,1998-11-24,1998-12-08,Argentina,Buenos Aires,98.67
10287,BOTTM,9,1998-11-11,1998-11-19,Germany,Berlin,181.57
10288,FOLIG,7,1997-10-12,1997-10-18,Sweden,Stockholm,150.9
10289,DRACD,4,1998-08-15,1998-08-16,Germany,Berlin,125.02
10290,DUMON,6,1997-10-23,1997-11-04,Mexico,Mexico D.F.,121.97
10291,KOENE,1,1997-05-18,1997-05-20,Ireland,Cork,116.01
10292,GALED,6,1997-06-24,1997-07-03,UK,London,102.18
10293,LONEP,9,1997-09-22,1997-09-25,Sweden,Stockholm,123.95
10294,LEHMS,7,1998-02-07,1998-02-17,Austria,Vienna,7.68
10295,HILAA,4,1998-01-24,1998-01-25,UK,London,49.79
10296,LILAS,4,1997-02-15,1997-02-22,Ireland,Cork,133.46
10297,DUMON,4,1997-04-07,1997-04-12,USA,New York,144.81
10298,KOENE,9,1997-04-13,1997-04-25,Ireland,Cork,196.14
10299,BOTTM,5,1998-06-29,1998-07-08,France,Paris,194.91
10300,DUMON,8,1997-01-08,1997-01-09,USA,New York,164.78
10301,MAISD,7,1996-11-02,1996-11-11,Argentina,Buenos Aires,155.59
10302,BLAUS,3,1997-03-31,1997-04-11,Argentina,Buenos Aires,36.42
10303,LACOR,8,1997-10-08,1997-10-20,Ireland,Cork,8.46
10304,LAUGB,4,1998-09-18,1998-10-01,Belgium,Brussels,24.73
10305,CACTU,5,1996-09-15,1996-09-16,Ireland,Cork,88.95
10306,LACOR,5,1998-07-26,1998-08-01,Germany,Berlin,20.08
10307,GROSR,2,1998-04-15,1998-04-29,Portugal,Lisboa,70.9
10308,FRANS,9,1997-04-25,1997-05-06,France,Paris,92.06
10309,CHOPS,9,1997-08-31,1997-09-01,Spain,Madrid,125.28
10310,LAUGB,4,1996-11-05,1996-11-06,Mexico,Mexico D.F.,63.53
10311,BONAP,8,1997-02-19,1997-03-05,USA,New York,130.25
10312,GOURL,9,1997-10-30,1997-11-03,Brazil,Sao Paulo,77.95
10313,GODOS,9,1998-12-07,1998-12-10,Portugal,Lisboa,70.33
10314,LINOD,7,1998-08-05,1998-08-13,Italy,Rome,197.71
10315,GODOS,2,1998-12-16,1998-12-30,Australia,Melbourne,182.27
10316,BSBEV,2,1998-12-12,1998-12-23,Portugal,Lisboa,156.74
10317,LINOD,8,1997-05-24,1997-06-04,France,Paris,124.26
10318,MAISD,2,1997-09-21,1997-09-23,Venezuela,Caracas,34.94
10319,HILAA,7,1996-11-30,1996-12-04,Mexico,Mexico D.F.,35.66
10320,DRACD,8,1998-03-30,1998-04-10,Brazil,Sao Paulo,47.97
10321,FOLKO,5,1996-09-17,1996-09-25,Belgium,Brussels,138.68
10322,LEHMS,7,1996-07-26,1996-08-09,Sweden,Stockholm,3.6
10323,MEREP,4,1998-11-03,1998-11-08,Spain,Madrid,45.36
10324,ANTON,5,1998-04-07,1998-04-18,Venezuela,Caracas,8.61
10325,HUNGC,6,1996-11-16,1996-11-29,Australia,Melbourne,101.36
10326,BSBEV,4,1997-10-26,1997-10-28,Italy,Rome,193.52
10327,CONSH,8,1996-10-22,1996-11-02,Germany,Berlin,124.67
10328,BONAP,2,1997-05-11,1997-05-19,Argentina,Buenos Aires,177.68
10329,LAZYK,2,1998-12-27,1999-01-03,Portugal,Lisboa,123.9
10330,FRANK,9,1996-10-13,1996-10-24,Spain,Madrid,13.99
10331,ISLAT,4,1997-03-10,1997-03-13,UK,London,166.3
10332,FOLKO,4,1996-11-15,1996-11-16,Austria,Vienna,5.12
10333,HANAR,2,1998-09-08,1998-09-14,Venezuela,Caracas,101.76
10334,FISSA,3,1996-09-17,1996-09-19,UK,London,26.99
10335,FURIB,6,1998-12-30,1999-01-03,Venezuela,Caracas,80.95
10336,FRANK,3,1998-05-16,1998-05-21,Portugal,Lisboa,15.29
10337,FRANK,3,1998-08-05,1998-08-17,France,Paris,118.12
10338,GREAL,4,1996-12-09,1996-12-20,USA,New York,71.32
10339,ALFKI,3,1997-06-16,1997-06-22,Brazil,Sao Paulo,114.13
10340,FAMIA,6,1996-12-12,1996-12-18,UK,London,176.9
10341,LEHMS,7,1997-04-08,1997-04-16,Portugal,Lisboa,122.2
10342,FRANS,1,1996-08-19,1996-08-23,Germany,Berlin,42.48
10343,GROSR,7,1996-11-03,1996-11-04,Mexico,Mexico D.F.,27.58
10344,ISLAT,7,1998-12-03,1998-12-09,Italy,Rome,142.48
10345,DRACD,7,1998-11-15,1998-11-17,Italy,Rome,105.74
10346,LAZYK,3,1997-06-28,1997-07-10,Argentina,Buenos Aires,22.36
10347,LAZYK,6,1998-06-01,1998-06-11,Austria,Vienna,31.89
10348,KOENE,1,1998-09-27,1998-10-02,Spain,Madrid,102.45
10349,HANAR,7,1998-03-25,1998-04-04,Venezuela,Caracas,116.91
10350,GREAL,9,1997-05-29,1997-06-08,Brazil,Sao Paulo,191.63
10351,ERNSH,7,1997-07-11,1997-07-17,Belgium,Brussels,155.34
10352,BSBEV,6,1998-02-20,1998-03-03,Ireland,Cork,193.6
10353,GALED,9,1998-04-26,1998-05-07,Spain,Madrid,5.61
10354,BOLID,9,1996-09-21,1996-09-26,Australia,Melbourne,9.47
10355,ANTON,7,1998-07-12,1998-07-20,Spain,Madrid,135.92
10356,GREAL,4,1997-05-16,1997-05-29,Spain,Madrid,136.3
10357,HUNGO,2,1998-12-16,1998-12-22,Australia,Melbourne,170.53
10358,GODOS,6,1996-10-05,1996-10-09,Germany,Berlin,84.15
10359,BOTTM,1,1998-09-22,1998-09-25,Ireland,Cork,183.64
10360,BSBEV,9,1997-02-09,1997-02-23,Australia,Melbourne,85.8
10361,LACOR,9,1998-11-07,1998-11-15,Germany,Berlin,127.13
10362,GREAL,1,1997-08-07,1997-08-21,Italy,Rome,196.25
10363,MAGAA,6,1998-09-02,1998-09-12,Brazil,Sao Paulo,10.78
10364,CHOPS,1,1997-01-26,1997-01-27,Austria,Vienna,186.81
10365,GALED,7,1998-09-30,1998-10-06,Venezuela,Caracas,179.14
10366,LACOR,3,1996-09-22,1996-09-29,Ireland,Cork,65.6
10367,LACOR,7,1997-05-13,1997-05-21,Mexico,Mexico D.F.,138.57
10368,LAUGB,7,1996-09-18,1996-09-29,Spain,Madrid,103.59
10369,MEREP,6,1996-09-10,1996-09-14,Spain,Madrid,77.81
10370,DRACD,2,1998-04-30,1998-05-05,Germany,Berlin,147.66
10371,BOTTM,2,1997-01-24,1997-01-26,Venezuela,Caracas,36.19
10372,LILAS,3,1998-07-02,1998-07-14,Spain,Madrid,102.73
10373,GROSR,1,1997-03-03,1997-03-16,Spain,Madrid,111.7
10374,MEREP,7,1997-12-24,1997-12-31,UK,London,26.81
10375,AROUT,2,1997-09-20,1997-09-29,Australia,Melbourne,32.3
10376,DUMON,4,1998-11-17,1998-11-19,Sweden,Stockholm,26.78
10377,ANTON,1,1998-11-13,1998-11-23,UK,London,11.0
10378,BERGS,1,1997-05-04,1997-05-12,Mexico,Mexico D.F.,89.04
10379,HANAR,9,1998-08-21,1998-08-27,USA,New York,65.18
10380,ISLAT,6,1998-10-15,1998-10-21,Canada,Vancouver,153.1
10381,AROUT,1,1998-02-21,1998-02-27,Ireland,Cork,99.99
10382,FRANS,1,1997-07-13,1997-07-14,Canada,Vancouver,73.78
10383,FOLIG,9,1997-08-11,1997-08-17,Spain,Madrid,151.48
10384,FOLIG,8,1996-11-21,1996-12-03,Australia,Melbourne,92.48
10385,LETSS,2,1997-07-16,1997-07-22,Belgium,Brussels,117.57
10386,MEREP,4,1998-05-06,1998-05-19,France,Paris,117.54
10387,LILAS,2,1996-08-05,1996-08-15,Canada,Vancouver,5.75
10388,HILAA,4,1998-06-26,1998-06-29,Austria,Vienna,199.63
10389,EASTC,9,1997-01-16,1997-01-20,Ireland,Cork,46.52
10390,ISLAT,9,1997-04-24,1997-04-26,Italy,Rome,179.36
10391,COMMI,4,1998-08-08,1998-08-16,Sweden,Stockholm,186.74
10392,AROUT,2,1998-04-18,1998-04-22,Belgium,Brussels,67.4
10393,LAZYK,1,1997-05-28,1997-06-02,UK,London,131.16
10394,CENTC,1,1997-09-04,1997-09-18,Italy,Rome,158.02
10395,BOLID,6,1998-02-05,1998-02-15,Ireland,Cork,91.96
10396,ALFKI,6,1998-07-09,1998-07-12,Ireland,Cork,114.42
10397,BLAUS,7,1997-12-13,1997-12-19,USA,New York,38.59
10398,GODOS,5,1997-07-31,1997-08-04,Austria,Vienna,61.79
10399,LAUGB,5,1998-06-10,1998-06-12,Spain,Madrid,123.7
10400,HUNGO,8,1997-09-02,1997-09-14,Canada,Vancouver,152.85
10401,COMMI,8,1996-10-31,1996-11-11,UK,London,179.98
10402,FRANS,5,1998-07-14,1998-07-15,Germany,Berlin,149.67
10403,MEREP,7,1998-08-30,1998-09-02,Spain,Madrid,198.59
10404,LONEP,4,1997-12-27,1997-12-30,Germany,Berlin,151.72
10405,FOLKO,3,1997-03-14,1997-03-22,Sweden,Stockholm,39.32
10406,ANATR,4,1998-03-25,1998-04-07,Canada,Vancouver,15.32
10407,ERNSH,4,1996-11-24,1996-12-03,Austria,Vienna,116.34
10408,MAGAA,3,1998-01-25,1998-02-04,Belgium,Brussels,112.06
10409,FISSA,7,1998-09-16,1998-09-25,Belgium,Brussels,31.55
10410,FURIB,9,1998-01-30,1998-02-06,Australia,Melbourne,28.55
10411,BLAUS,9,1998-11-18,1998-11-24,Canada,Vancouver,12.2
10412,MAGAA,2,1997-02-05,1997-02-09,Portugal,Lisboa,183.06
10413,LONEP,8,1997-10-24,1997-10-26,Austria,Vienna,183.04
10414,KOENE,7,1998-01-21,1998-01-31,Ireland,Cork,32.18
10415,MAGAA,8,1998-07-14,1998-07-25,Venezuela,Caracas,35.31
10416,BERGS,1,1998-11-10,1998-11-24,Germany,Berlin,83.65
10417,LAMAI,8,1997-07-21,1997-07-22,Portugal,Lisboa,5.11
10418,DRACD,4,1997-12-22,1997-12-25,Australia,Melbourne,51.98
10419,BLAUS,1,1997-05-07,1997-05-18,UK,London,82.25
10420,BOLID,9,1998-02-03,1998-02-17,France,Paris,47.49
10421,LINOD,7,1998-08-13,1998-08-27,UK,London,61.26
10422,BERGS,6,1997-09-24,1997-09-28,Italy,Rome,193.85
10423,LETSS,7,1997-09-19,1997-09-22,UK,London,154.89
10424,FISSA,6,1998-07-31,1998-08-07,USA,New York,20.12
10425,HUNGO,9,1997-10-06,1997-10-15,Belgium,Brussels,22.45
10426,FISSA,7,1998-03-07,1998-03-17,Germany,Berlin,59.79
10427,EASTC,8,1997-04-05,1997-04-10,Brazil,Sao Paulo,14.53
10428,BOTTM,5,1997-10-15,1997-10-17,Germany,Berlin,189.87
10429,CHOPS,8,1998-03-13,1998-03-25,Austria,Vienna,37.17
10430,ISLAT,4,1997-07-12,1997-07-14,Mexico,Mexico D.F.,136.98
10431,LEHMS,3,1997-03-08,1997-03-13,Belgium,Brussels,158.24
10432,HUNGC,9,1998-02-20,1998-02-27,Belgium,Brussels,109.64
10433,LAMAI,1,1996-12-21,1997-01-01,Italy,Rome,193.43
10434,MEREP,9,1997-08-08,1997-08-16,Brazil,Sao Paulo,70.3
10435,BONAP,3,1997-09-02,1997-09-04,Spain,Madrid,63.75
10436,BONAP,1,1998-10-11,1998-10-23,Austria,Vienna,130.3
10437,GALED,8,1997-06-07,1997-06-16,Argentina,Buenos Aires,159.96
10438,CHOPS,8,1998-07-29,1998-08-08,Belgium,Brussels,78.99
10439,HUNGC,3,1998-09-30,1998-10-14,Spain,Madrid,66.55
10440,GOURL,3,1997-06-25,1997-07-01,Ireland,Cork,183.9
10441,GALED,3,1998-02-12,1998-02-19,Portugal,Lisboa,127.83
10442,GODOS,1,1997-05-22,1997-06-05,Spain,Madrid,190.46
10443,ANATR,4,1996-09-26,1996-10-06,Ireland,Cork,8.47
10444,BONAP,2,1998-01-17,1998-01-26,Sweden,Stockholm,155.47
10445,LAZYK,4,1998-07-27,1998-08-10,Ireland,Cork,175.21
10446,BLAUS,8,1998-12-03,1998-12-17,USA,New York,155.58
10447,BOTTM,4,1996-12-20,1996-12-30,Canada,Vancouver,161.48
10448,LAZYK,3,1997-04-13,1997-04-27,Brazil,Sao Paulo,51.44
10449,BERGS,2,1997-07-23,1997-07-31,Italy,Rome,104.09
10450,LAUGB,6,1998-07-22,1998-07-30,UK,London,159.54
10451,AROUT,1,1998-06-02,1998-06-15,USA,New York,125.98
10452,EASTC,2,1996-12-13,1996-12-27,Spain,Madrid,51.58
10453,BLAUS,2,1997-09-16,1997-09-27,Germany,Berlin,44.26
10454,GODOS,1,1997-12-17,1997-12-28,Germany,Berlin,139.73
10455,CONSH,7,1997-11-05,1997-11-07,UK,London,146.69
10456,BOTTM,7,1998-12-23,1998-12-28,Brazil,Sao Paulo,129.03
10457,LONEP,4,1997-09-27,1997-10-03,Brazil,Sao Paulo,184.14
10458,DRACD,9,1998-04-25,1998-04-27,Ireland,Cork,156.24
10459,LACOR,9,1997-01-30,1997-02-08,Canada,Vancouver,150.07
10460,FRANK,6,1997-12-26,1997-12-27,Brazil,Sao Paulo,78.59
10461,FRANS,9,1996-09-03,1996-09-16,Ireland,Cork,126.46
10462,FRANS,2,1998-01-04,1998-01-10,Ireland,Cork,140.34
10463,AROUT,5,1998-03-22,1998-04-01,Mexico,Mexico D.F.,25.65
10464,BOTTM,5,1996-12-21,1996-12-27,USA,New York,154.74
10465,BERGS,5,1997-04-08,1997-04-17,UK,London,100.24
10466,GREAL,6,1997-03-11,1997-03-12,Italy,Rome,184.2
10467,LONEP,6,1997-03-15,1997-03-22,Sweden,Stockholm,165.55
10468,FAMIA,6,1998-09-04,1998-09-18,UK,London,111.51
10469,FAMIA,4,1998-02-01,1998-02-14,Venezuela,Caracas,74.92
10470,LAUGB,1,1998-01-09,1998-01-15,Austria,Vienna,2.29
10471,CONSH,9,1996-10-07,1996-10-08,Belgium,Brussels,140.77
10472,ISLAT,1,1996-09-18,1996-09-28,Belgium,Brussels,133.16
10473,MAGAA,6,1998-06-21,1998-07-05,Austria,Vienna,91.65
10474,GOURL,6,1996-12-19,1996-12-27,Belgium,Brussels,25.91
10475,FAMIA,1,1998-10-08,1998-10-19,Canada,Vancouver,167.51
10476,CENTC,1,1997-03-27,1997-04-10,Italy,Rome,171.21
10477,LAUGB,2,1997-07-20,1997-07-31,Sweden,Stockholm,183.65
10478,BOTTM,2,1998-04-26,1998-05-04,Austria,Vienna,26.26
10479,EASTC,5,1997-02-08,1997-02-11,Venezuela,Caracas,176.92
10480,GROSR,7,1998-04-27,1998-05-02,Portugal,Lisboa,14.07
10481,GROSR,6,1997-11-07,1997-11-16,Australia,Melbourne,65.68
10482,MEREP,4,1997-12-28,1998-01-03,Mexico,Mexico D.F.,21.83
10483,FRANR,6,1998-02-13,1998-02-27,Mexico,Mexico D.F.,36.87
10484,ANTON,2,1996-12-30,1997-01-07,France,Paris,48.06
10485,FOLIG,3,1998-10-07,1998-10-10,Austria,Vienna,13.79
10486,FRANK,2,1998-11-17,1998-11-26,Spain,Madrid,141.5
10487,HUNGO,6,1996-12-29,1997-01-10,Argentina,Buenos Aires,133.78
10488,LILAS,7,1998-07-20,1998-07-21,France,Paris,38.05
10489,DRACD,6,1998-08-06,1998-08-08,Austria,Vienna,35.24
10490,DUMON,4,1997-10-04,1997-10-05,Argentina,Buenos Aires,139.25
10491,GROSR,7,1996-12-21,1996-12-28,Spain,Madrid,110.11
10492,BERGS,1,1996-12-17,1996-12-25,Ireland,Cork,5.98
10493,LAMAI,8,1997-06-15,1997-06-25,Germany,Berlin,87.4
10494,FURIB,9,1997-01-30,1997-02-03,Sweden,Stockholm,132.8
10495,ERNSH,8,1997-09-14,1997-09-16,Canada,Vancouver,21.2
10496,FRANS,8,1997-05-15,1997-05-28,Portugal,Lisboa,179.19
10497,DUMON,8,1997-10-03,1997-10-04,Venezuela,Caracas,54.15
10498,CONSH,9,1998-08-17,1998-08-27,France,Paris,168.48
10499,GODOS,3,1996-11-04,1996-11-17,Mexico,Mexico D.F.,194.49
10500,LAUGB,3,1997-01-26,1997-02-09,Sweden,Stockholm,65.31
10501,EASTC,9,1998-01-20,1998-01-26,Venezuela,Caracas,183.6
10502,BSBEV,3,1996-10-27,1996-11-03,USA,New York,185.14
10503,BSBEV,7,1997-04-12,1997-04-19,France,Paris,80.37
10504,FAMIA,5,1996-07-24,1996-07-30,Sweden,Stockholm,168.88
10505,MEREP,6,1998-08-04,1998-08-12,Sweden,Stockholm,146.3
10506,LINOD,9,1996-09-09,1996-09-14,Italy,Rome,28.86
10507,HANAR,7,1998-10-25,1998-11-02,USA,New York,136.87
10508,FOLKO,6,1998-02-24,1998-03-05,Mexico,Mexico D.F.,167.86
10509,LAZYK,4,1998-11-28,1998-12-02,Canada,Vancouver,55.28
10510,LACOR,5,1997-02-18,1997-02-23,Sweden,Stockholm,85.91
10511,LACOR,5,1998-01-29,1998-02-09,Ireland,Cork,137.51
10512,LACOR,7,1996-08-31,1996-09-13,Austria,Vienna,136.79
10513,FRANS,7,1997-03-26,1997-04-02,France,Paris,117.44
10514,GREAL,3,1997-04-30,1997-05-02,Sweden,Stockholm,145.59
10515,GOURL,2,1998-02-23,1998-02-28,Portugal,Lisboa,12.63
10516,FOLIG,7,1996-11-21,1996-11-25,Venezuela,Caracas,30.36
10517,AROUT,1,1997-05-20,1997-05-31,Venezuela,Caracas,56.16
10518,GALED,7,1996-11-13,1996-11-23,Italy,Rome,86.95
10519,DRACD,4,1998-04-06,1998-04-18,Spain,Madrid,63.79
10520,ANTON,5,1996-12-22,1996-12-24,Ireland,Cork,92.27
10521,BOTTM,4,1997-02-18,1997-03-02,Germany,Berlin,118.76
10522,LAMAI,1,1998-09-01,1998-09-10,France,Paris,133.07
10523,FRANR,2,1997-09-03,1997-09-11,Sweden,Stockholm,95.93
10524,LEHMS,9,1998-05-12,1998-05-14,Sweden,Stockholm,125.31
10525,GROSR,4,1998-09-15,1998-09-17,Canada,Vancouver,156.04
10526,LEHMS,2,1996-07-06,1996-07-07,USA,New York,167.38
10527,AROUT,2,1997-03-31,1997-04-08,Mexico,Mexico D.F.,175.08
10528,CACTU,6,1998-05-14,1998-05-25,Spain,Madrid,179.12
10529,LAZYK,3,1998-10-01,1998-10-08,USA,New York,28.24
10530,ISLAT,8,1998-02-28,1998-03-08,Mexico,Mexico D.F.,123.04
10531,BERGS,5,1997-09-28,1997-09-29,Austria,Vienna,4.45
10532,HUNGO,1,1996-12-03,1996-12-17,Germany,Berlin,129.39
10533,GROSR,6,1996-09-18,1996-10-01,Argentina,Buenos Aires,67.52
10534,ISLAT,8,1997-10-01,1997-10-14,UK,London,171.6
10535,LACOR,5,1998-10-27,1998-10-29,Australia,Melbourne,113.34
10536,MAISD,4,1996-10-28,1996-10-30,Germany,Berlin,69.59
10537,MAGAA,7,1998-10-23,1998-11-04,USA,New York,52.35
10538,CHOPS,6,1998-10-26,1998-11-08,USA,New York,151.92
10539,GOURL,9,1998-09-02,1998-09-10,Brazil,Sao Paulo,192.84
10540,KOENE,8,1998-01-21,1998-01-28,Australia,Melbourne,156.65
10541,LACOR,6,1998-05-08,1998-05-18,Australia,Melbourne,176.52
10542,MAGAA,9,1998-03-12,1998-03-24,Ireland,Cork,168.93
10543,LILAS,6,1997-12-01,1997-12-10,USA,New York,152.63
10544,LEHMS,1,1996-11-29,1996-11-30,Canada,Vancouver,54.86
10545,ERNSH,4,1998-06-11,1998-06-24,France,Paris,73.02
10546,FURIB,6,1997-07-29,1997-08-05,France,Paris,4.57
10547,HUNGC,4,1998-08-16,1998-08-26,Canada,Vancouver,60.25
10548,GALED,5,1997-07-25,1997-07-26,Sweden,Stockholm,27.75
10549,ISLAT,9,1997-11-18,1997-12-01,Spain,Madrid,16.43
10550,CONSH,4,1996-10-06,1996-10-12,Austria,Vienna,67.55
10551,LAZYK,4,1997-10-03,1997-10-07,France,Paris,137.15
10552,ERNSH,4,1997-11-14,1997-11-15,Austria,Vienna,103.75
10553,COMMI,4,1998-04-06,1998-04-08,Belgium,Brussels,167.46
10554,BSBEV,1,1998-08-07,1998-08-18,Venezuela,Caracas,143.94
10555,DUMON,9,1997-01-02,1997-01-15,UK,London,115.84
10556,ANATR,7,1997-09-20,1997-09-26,USA,New York,107.9
10557,LEHMS,1,1997-07-29,1997-08-05,Portugal,Lisboa,32.95
10558,LONEP,6,1997-05-05,1997-05-16,Germany,Berlin,111.6
10559,HANAR,3,1998-04-26,1998-05-10,Mexico,Mexico D.F.,38.43
10560,KOENE,8,1997-01-22,1997-02-03,Austria,Vienna,72.71
10561,GODOS,6,1997-05-25,1997-06-02,Ireland,Cork,139.3
10562,DRACD,4,1996-07-08,1996-07-14,Belgium,Brussels,56.78
10563,BOLID,3,1997-11-14,1997-11-23,UK,London,168.68
10564,HANAR,1,1996-07-23,1996-08-06,Italy,Rome,154.3
10565,CONSH,5,1997-07-13,1997-07-20,Brazil,Sao Paulo,94.01
10566,GREAL,6,1998-07-27,1998-08-08,France,Paris,45.33
10567,ANTON,6,1997-10-12,1997-10-13,USA,New York,141.34
10568,FOLKO,6,1997-12-14,1997-12-21,Portugal,Lisboa,158.95
10569,FURIB,6,1998-05-11,1998-05-15,USA,New York,97.34
10570,HANAR,1,1996-11-18,1996-11-29,Brazil,Sao Paulo,13.07
10571,GREAL,8,1997-10-06,1997-10-16,Mexico,Mexico D.F.,45.43
10572,FRANR,3,1997-02-24,1997-03-03,USA,New York,5.28
10573,ALFKI,7,1998-03-13,1998-03-22,Australia,Melbourne,85.3
10574,GREAL,7,1997-02-23,1997-03-08,Spain,Madrid,118.63
10575,BONAP,9,1998-02-15,1998-02-24,Germany,Berlin,76.26
10576,KOENE,5,1997-09-13,1997-09-24,Sweden,Stockholm,171.29
10577,GREAL,5,1998-01-27,1998-02-05,Ireland,Cork,116.37
10578,HUNGO,1,1998-09-16,1998-09-22,Mexico,Mexico D.F.,79.04
10579,GALED,2,1997-10-29,1997-11-08,UK,London,54.09
10580,AROUT,3,1998-07-02,1998-07-12,Portugal,Lisboa,88.92
10581,LETSS,1,1998-03-25,1998-03-28,Spain,Madrid,49.37
10582,FOLKO,7,1998-09-10,1998-09-17,Italy,Rome,118.04
10583,DUMON,3,1998-02-12,1998-02-13,Belgium,Brussels,102.24
10584,MEREP,8,1998-08-18,1998-08-24,Venezuela,Caracas,179.51
10585,LAUGB,4,1996-09-11,1996-09-18,Argentina,Buenos Aires,160.43
10586,CENTC,8,1996-09-19,1996-09-28,Austria,Vienna,72.0
10587,FOLKO,3,1998-11-07,1998-11-17,USA,New York,25.74
10588,MAISD,9,1998-03-24,1998-03-25,France,Paris,169.91
10589,MAISD,3,1997-08-15,1997-08-19,France,Paris,106.1
10590,ALFKI,1,1997-05-23,1997-06-04,Canada,Vancouver,77.13
10591,DUMON,4,1997-01-11,1997-01-20,Sweden,Stockholm,95.33
10592,CONSH,2,1998-02-13,1998-02-24,Sweden,Stockholm,161.21
10593,FAMIA,5,1998-09-16,1998-09-24,France,Paris,80.88
10594,FOLIG,5,1997-10-07,1997-10-19,Spain,Madrid,73.34
10595,GODOS,2,1998-09-05,1998-09-17,Italy,Rome,123.51
10596,LAZYK,5,1997-05-21,1997-05-27,Sweden,Stockholm,121.87
10597,MAGAA,2,1998-05-12,1998-05-17,Canada,Vancouver,35.05
10598,ANATR,7,1998-01-16,1998-01-17,Australia,Melbourne,153.47
10599,FRANR,5,1996-09-28,1996-10-09,Argentina,Buenos Aires,50.98
10600,GREAL,8,1998-12-02,1998-12-08,Sweden,Stockholm,110.61
10601,LAUGB,9,1997-12-22,1998-01-02,Ireland,Cork,181.97
10602,MAISD,3,1997-12-21,1998-01-04,Spain,Madrid,58.78
10603,CHOPS,7,1998-01-16,1998-01-22,Belgium,Brussels,80.16
10604,BLAUS,7,1997-02-14,1997-02-19,Argentina,Buenos Aires,104.29
10605,LAMAI,8,1998-04-17,1998-04-25,Sweden,Stockholm,140.69
10606,CONSH,2,1998-07-18,1998-07-19,Brazil,Sao Paulo,4.92
10607,ANTON,6,1998-06-17,1998-06-30,UK,London,169.02
10608,DUMON,7,1997-01-05,1997-01-09,Germany,Berlin,26.15
10609,MAGAA,2,1997-01-23,1997-01-31,Australia,Melbourne,133.87
10610,LONEP,1,1996-12-13,1996-12-24,Australia,Melbourne,26.18
10611,CACTU,5,1997-06-01,1997-06-02,USA,New York,80.37
10612,BLAUS,4,1997-07-19,1997-08-01,Mexico,Mexico D.F.,100.98
10613,LONEP,4,1998-10-06,1998-10-14,Germany,Berlin,138.47
10614,GROSR,4,1998-01-10,1998-01-22,Mexico,Mexico D.F.,109.64
10615,HUNGC,6,1998-10-21,1998-10-26,Venezuela,Caracas,2.14
10616,BSBEV,5,1998-08-27,1998-09-05,Austria,Vienna,83.14
10617,GROSR,4,1997-01-26,1997-01-28,USA,New York,8.3
10618,BLAUS,8,1998-05-06,1998-05-14,France,Paris,73.46
10619,BOLID,4,1997-12-17,1997-12-19,Italy,Rome,39.51
10620,CACTU,3,1998-12-25,1998-12-27,Italy,Rome,101.93
10621,FRANK,7,1998-01-18,1998-01-24,Belgium,Brussels,165.58
10622,ALFKI,1,1997-10-05,1997-10-12,Ireland,Cork,119.96
10623,DUMON,6,1996-12-10,1996-12-13,Argentina,Buenos Aires,48.13
10624,CENTC,8,1998-09-23,1998-10-01,USA,New York,119.86
10625,GALED,7,1997-06-25,1997-07-09,USA,New York,174.22
10626,HILAA,1,1996-08-28,1996-09-02,Austria,Vienna,108.91
10627,FRANS,8,1998-05-24,1998-06-05,Australia,Melbourne,19.84
10628,GALED,3,1997-08-16,1997-08-25,Brazil,Sao Paulo,97.22
10629,EASTC,7,1997-03-09,1997-03-11,Austria,Vienna,137.58
10630,GODOS,3,1998-03-27,1998-04-10,Venezuela,Caracas,10.89
10631,AROUT,4,1996-10-27,1996-11-08,Brazil,Sao Paulo,174.01
10632,MAGAA,9,1997-06-08,1997-06-12,Canada,Vancouver,42.35
10633,LILAS,5,1997-01-25,1997-02-07,France,Paris,94.06
10634,LEHMS,6,1998-05-13,1998-05-27,USA,New York,5.78
10635,ANATR,1,1998-01-29,1998-02-10,Argentina,Buenos Aires,184.61
10636,FAMIA,4,1997-07-02,1997-07-13,Australia,Melbourne,56.62
10637,HUNGO,5,1998-10-16,1998-10-17,Argentina,Buenos Aires,32.04
10638,GODOS,9,1998-03-15,1998-03-21,Brazil,Sao Paulo,42.94
10639,LINOD,9,1997-05-16,1997-05-28,Brazil,Sao Paulo,87.15
10640,LONEP,2,1998-01-25,1998-02-03,Mexico,Mexico D.F.,64.88
10641,GODOS,5,1997-08-29,1997-09-03,Brazil,Sao Paulo,156.26
10642,LAMAI,5,1998-08-23,1998-09-02,Argentina,Buenos Aires,120.08
10643,LACOR,8,1996-11-18,1996-11-27,Spain,Madrid,38.43
10644,MAGAA,4,1997-08-30,1997-09-03,Canada,Vancouver,15.09
10645,FRANR,6,1998-03-18,1998-03-30,Italy,Rome,123.08
10646,FRANS,1,1997-12-17,1997-12-26,Italy,Rome,104.19
10647,MEREP,5,1997-08-15,1997-08-20,Venezuela,Caracas,34.96
10648,KOENE,9,1997-01-04,1997-01-17,Brazil,Sao Paulo,79.83
10649,LAZYK,3,1997-05-31,1997-06-12,USA,New York,20.06
10650,LEHMS,3,1997-06-12,1997-06-22,Mexico,Mexico D.F.,174.03
10651,GODOS,5,1998-07-21,1998-08-03,Mexico,Mexico D.F.,25.28
10652,GROSR,9,1997-11-25,1997-12-09,Germany,Berlin,122.38
10653,HUNGO,4,1998-03-30,1998-04-10,France,Paris,38.6
10654,ANTON,5,1996-11-29,1996-12-13,Austria,Vienna,184.24
10655,ERNSH,9,1996-12-16,1996-12-27,Mexico,Mexico D.F.,193.33
10656,BOTTM,2,1997-04-29,1997-05-07,Sweden,Stockholm,67.18
10657,ISLAT,6,1997-03-26,1997-04-04,Brazil,Sao Paulo,123.63
10658,GOURL,2,1996-11-02,1996-11-03,Canada,Vancouver,160.31
10659,HANAR,9,1997-05-15,1997-05-20,Austria,Vienna,153.87
10660,ISLAT,1,1997-08-13,1997-08-25,Mexico,Mexico D.F.,40.42
10661,FOLIG,8,1998-12-06,1998-12-15,Belgium,Brussels,185.7
10662,ANATR,4,1998-01-23,1998-02-01,Austria,Vienna,160.31
10663,FRANR,3,1998-02-08,1998-02-18,USA,New York,173.19
10664,FAMIA,4,1997-07-19,1997-07-27,Australia,Melbourne,61.86
10665,BLAUS,8,1998-09-08,1998-09-12,Australia,Melbourne,6.94
10666,LETSS,3,1998-10-23,1998-11-01,Canada,Vancouver,145.46
10667,BOLID,9,1998-12-31,1999-01-01,Ireland,Cork,6.45
10668,LEHMS,2,1998-09-03,1998-09-11,Sweden,Stockholm,31.57
10669,LINOD,5,1997-04-07,1997-04-10,Argentina,Buenos Aires,35.91
10670,AROUT,2,1996-10-20,1996-10-27,Belgium,Brussels,79.6
10671,LILAS,8,1996-10-07,1996-10-21,USA,New York,92.21
10672,ANATR,2,1997-10-11,1997-10-19,Portugal,Lisboa,24.35
10673,HUNGC,8,1998-09-23,1998-09-28,Italy,Rome,118.93
10674,COMMI,7,1996-09-09,1996-09-15,Belgium,Brussels,114.31
10675,BOLID,8,1997-06-02,1997-06-11,Mexico,Mexico D.F.,62.99
10676,KOENE,1,1998-10-18,1998-10-21,Brazil,Sao Paulo,132.85
10677,FOLKO,2,1997-09-22,1997-10-04,Germany,Berlin,123.08
10678,FRANS,6,1998-06-23,1998-07-03,Italy,Rome,82.39
10679,LEHMS,3,1996-12-08,1996-12-13,Brazil,Sao Paulo,4.3
10680,BOTTM,2,1998-05-08,1998-05-15,Brazil,Sao Paulo,129.16
10681,GALED,1,1997-02-20,1997-02-23,Portugal,Lisboa,169.67
10682,ISLAT,8,1996-08-07,1996-08-08,Spain,Madrid,24.41
10683,LEHMS,2,1998-04-10,1998-04-22,Ireland,Cork,123.38
10684,ERNSH,5,1997-09-08,1997-09-14,Mexico,Mexico D.F.,8.99
10685,BLAUS,3,1997-04-23,1997-05-01,Australia,Melbourne,17.22
10686,KOENE,3,1998-03-14,1998-03-17,Venezuela,Caracas,75.21
10687,BSBEV,3,1997-06-20,1997-06-22,Portugal,Lisboa,151.05
10688,GOURL,7,1996-08-26,1996-08-29,Portugal,Lisboa,61.67
10689,ANTON,2,1997-12-28,1998-01-08,Spain,Madrid,191.32
10690,KOENE,4,1998-07-25,1998-08-05,Australia,Melbourne,68.81
10691,BOLID,9,1996-07-16,1996-07-23,USA,New York,137.73
10692,LEHMS,4,1996-08-31,1996-09-10,USA,New York,142.2
10693,MAISD,3,1997-07-23,1997-08-03,USA,New York,139.74
10694,LILAS,6,1998-08-30,1998-09-06,Sweden,Stockholm,34.07
10695,FOLIG,1,1997-07-30,1997-08-06,Sweden,Stockholm,191.21
10696,HUNGC,7,1996-10-23,1996-10-26,Canada,Vancouver,123.57
10697,BERGS,2,1996-10-17,1996-10-18,Sweden,Stockholm,155.89
10698,FRANR,5,1996-08-11,1996-08-22,Brazil,Sao Paulo,140.61
10699,LILAS,8,1996-07-07,1996-07-14,USA,New York,114.31
10700,GOURL,5,1996-09-24,1996-10-08,Canada,Vancouver,36.97
10701,FRANR,2,1997-05-06,1997-05-18,Spain,Madrid,98.33
10702,GODOS,1,1997-11-27,1997-12-06,France,Paris,69.18
10703,CONSH,2,1998-08-01,1998-08-11,France,Paris,147.62
10704,BOLID,8,1997-05-14,1997-05-28,Mexico,Mexico D.F.,167.4
10705,LAMAI,4,1998-03-05,1998-03-18,UK,London,161.28
10706,FOLIG,2,1998-03-03,1998-03-06,USA,New York,56.23
10707,ANATR,8,1998-09-08,1998-09-11,UK,London,3.26
10708,COMMI,3,1998-06-12,1998-06-15,Sweden,Stockholm,105.57
10709,ALFKI,9,1997-06-25,1997-07-02,Argentina,Buenos Aires,40.0
10710,GREAL,8,1998-06-05,1998-06-19,Mexico,Mexico D.F.,33.63
10711,GALED,5,1997-04-21,1997-04-25,Austria,Vienna,124.13
10712,KOENE,6,1998-07-12,1998-07-20,Belgium,Brussels,41.35
10713,FRANR,4,1998-12-11,1998-12-15,UK,London,95.26
10714,EASTC,4,1998-04-12,1998-04-18,Austria,Vienna,27.19
10715,CONSH,2,1998-02-15,1998-02-24,Belgium,Brussels,171.68
10716,CONSH,3,1997-09-21,1997-10-01,Germany,Berlin,84.72
10717,FRANS,8,1997-09-12,1997-09-21,USA,New York,91.58
10718,FOLKO,5,1997-02-12,1997-02-15,Argentina,Buenos Aires,130.23
10719,GOURL,1,1996-12-16,1996-12-28,Venezuela,Caracas,93.82
10720,ALFKI,2,1998-06-24,1998-07-05,Italy,Rome,178.9
10721,MAGAA,1,1998-03-31,1998-04-06,Australia,Melbourne,189.17
10722,HUNGO,2,1996-12-30,1997-01-10,Canada,Vancouver,29.4
10723,EASTC,9,1997-05-28,1997-06-03,Belgium,Brussels,56.87
10724,HILAA,2,1997-11-13,1997-11-22,Portugal,Lisboa,142.55
10725,EASTC,2,1996-10-23,1996-10-26,Brazil,Sao Paulo,100.27
10726,FURIB,8,1997-11-01,1997-11-07,Germany,Berlin,59.72
10727,LAZYK,6,1998-11-05,1998-11-14,Belgium,Brussels,116.58
10728,CACTU,5,1998-09-20,1998-09-25,Argentina,Buenos Aires,97.88
10729,ERNSH,3,1998-07-02,1998-07-11,Mexico,Mexico D.F.,168.19
10730,FRANK,3,1997-09-28,1997-10-03,Canada,Vancouver,113.37
10731,GODOS,9,1996-12-02,1996-12-08,Mexico,Mexico D.F.,107.66
10732,GOURL,6,1998-08-29,1998-09-01,Brazil,Sao Paulo,2.85
10733,LETSS,9,1996-08-14,1996-08-17,USA,New York,63.0
10734,BLAUS,9,1997-01-20,1997-01-21,Venezuela,Caracas,136.06
10735,LACOR,9,1997-11-18,1997-11-24,France,Paris,181.87
10736,FOLKO,5,1997-04-21,1997-04-27,Venezuela,Caracas,175.11
10737,GODOS,5,1998-08-02,1998-08-09,Mexico,Mexico D.F.,161.52
10738,MAISD,7,1996-09-09,1996-09-19,UK,London,3.31
10739,GROSR,1,1997-04-26,1997-05-05,Ireland,Cork,167.25
10740,LAUGB,8,1997-05-07,1997-05-18,USA,New York,131.45
10741,LACOR,6,1997-11-20,1997-11-22,Portugal,Lisboa,113.98
10742,AROUT,3,1996-12-17,1996-12-27,Austria,Vienna,93.29
10743,AROUT,5,1998-04-16,1998-04-22,Ireland,Cork,106.86
10744,LACOR,3,1998-08-26,1998-08-28,Austria,Vienna,174.74
10745,HILAA,5,1996-07-17,1996-07-20,Spain,Madrid,156.2
10746,BOTTM,1,1996-09-20,1996-09-22,Portugal,Lisboa,70.95
10747,LILAS,3,1997-02-16,1997-02-19,Argentina,Buenos Aires,62.87
10748,MAISD,7,1998-09-05,1998-09-13,France,Paris,40.88
10749,DUMON,1,1997-10-27,1997-10-29,UK,London,61.73
10750,KOENE,4,1998-03-12,1998-03-16,Mexico,Mexico D.F.,134.78
10751,FOLKO,3,1998-02-17,1998-02-23,Australia,Melbourne,156.6
10752,COMMI,9,1998-07-16,1998-07-18,Portugal,Lisboa,74.56
10753,BOTTM,8,1996-10-24,1996-11-02,Spain,Madrid,141.54
10754,GALED,4,1997-04-27,1997-05-11,UK,London,179.16
10755,FRANS,7,1996-11-03,1996-11-06,USA,New York,148.8
10756,GALED,8,1996-11-06,1996-11-10,Sweden,Stockholm,153.43
10757,GROSR,4,1997-03-17,1997-03-25,Brazil,Sao Paulo,7.89
10758,LACOR,6,1997-01-03,1997-01-10,Brazil,Sao Paulo,61.95
10759,HUNGC,9,1998-01-10,1998-01-16,Germany,Berlin,190.61
10760,FISSA,7,1997-07-31,1997-08-08,Venezuela,Caracas,93.01
10761,CACTU,8,1998-12-26,1999-01-07,Belgium,Brussels,28.63
10762,GROSR,7,1997-08-08,1997-08-13,Spain,Madrid,153.76
10763,FOLIG,7,1998-08-26,1998-09-06,USA,New York,86.77
10764,LILAS,2,1998-03-02,1998-03-04,Ireland,Cork,24.67
10765,FURIB,5,1998-02-05,1998-02-14,Germany,Berlin,139.8
10766,CHOPS,8,1997-07-11,1997-07-18,UK,London,168.4
10767,ISLAT,9,1997-04-09,1997-04-11,Portugal,Lisboa,86.57
10768,LAMAI,9,1997-08-19,1997-08-24,Venezuela,Caracas,134.97
10769,FRANK,8,1997-12-20,1997-12-24,Brazil,Sao Paulo,49.59
10770,ERNSH,3,1997-04-03,1997-04-17,Sweden,Stockholm,138.0
10771,FAMIA,8,1997-03-12,1997-03-25,Portugal,Lisboa,112.85
10772,ANTON,8,1998-04-24,1998-05-08,Germany,Berlin,12.95
10773,FURIB,6,1998-12-08,1998-12-10,UK,London,80.59
10774,DRACD,2,1997-11-24,1997-11-26,Austria,Vienna,67.2
10775,FRANK,2,1997-11-18,1997-11-27,Austria,Vienna,110.06
10776,LEHMS,1,1998-11-12,1998-11-24,Argentina,Buenos Aires,52.09
10777,FAMIA,2,1997-08-10,1997-08-15,Argentina,Buenos Aires,60.89
10778,BLAUS,8,1997-04-10,1997-04-24,Portugal,Lisboa,147.91
10779,LACOR,9,1997-06-29,1997-07-06,Austria,Vienna,91.75
10780,LAZYK,3,1998-04-10,1998-04-18,Germany,Berlin,81.33
10781,GODOS,8,1998-09-23,1998-09-29,Brazil,Sao Paulo,53.61
10782,CHOPS,5,1996-10-03,1996-10-11,Mexico,Mexico D.F.,11.86
10783,LINOD,4,1996-11-02,1996-11-06,Canada,Vancouver,189.32
10784,LONEP,4,1998-10-25,1998-10-30,Belgium,Brussels,37.71
10785,KOENE,8,1997-03-15,1997-03-21,UK,London,4.04
10786,MAGAA,5,1998-06-29,1998-07-06,UK,London,20.87
10787,LACOR,1,1997-10-29,1997-11-04,Germany,Berlin,52.22
10788,BOTTM,2,1998-12-19,1998-12-27,Austria,Vienna,142.63
10789,LAMAI,5,1997-04-19,1997-04-24,Australia,Melbourne,63.98
10790,BSBEV,1,1996-08-27,1996-08-31,Argentina,Buenos Aires,38.26
10791,BONAP,3,1997-10-15,1997-10-23,USA,New York,71.22
10792,KOENE,4,1998-01-31,1998-02-11,Germany,Berlin,106.15
10793,FISSA,3,1998-02-28,1998-03-02,Germany,Berlin,18.05
10794,AROUT,5,1997-02-05,1997-02-19,Austria,Vienna,160.03
10795,DUMON,3,1996-10-06,1996-10-13,Argentina,Buenos Aires,193.08
10796,FAMIA,3,1998-07-27,1998-08-09,Spain,Madrid,133.77
10797,GALED,6,1996-10-04,1996-10-17,Mexico,Mexico D.F.,87.95
10798,GALED,2,1997-04-27,1997-05-05,Portugal,Lisboa,61.48
10799,AROUT,9,1997-05-02,1997-05-12,UK,London,183.63
10800,CENTC,7,1997-01-03,1997-01-16,France,Paris,18.49
10801,BLAUS,5,1997-02-05,1997-02-08,USA,New York,87.89
10802,LAZYK,8,1996-07-17,1996-07-20,Venezuela,Caracas,138.98
10803,LILAS,4,1998-10-17,1998-10-18,Germany,Berlin,43.43
10804,BSBEV,8,1998-08-31,1998-09-08,Belgium,Brussels,6.32
10805,GODOS,4,1996-07-24,1996-08-07,Canada,Vancouver,60.38
10806,HANAR,8,1997-08-17,1997-08-25,Argentina,Buenos Aires,143.43
10807,GALED,1,1997-10-06,1997-10-18,Mexico,Mexico D.F.,59.03
10808,FOLIG,8,1998-02-25,1998-03-08,Brazil,Sao Paulo,176.87
10809,BOTTM,3,1998-05-18,1998-05-26,Canada,Vancouver,32.95
10810,CACTU,3,1997-07-04,1997-07-15,Australia,Melbourne,8.33
10811,BONAP,9,1998-03-28,1998-04-01,Argentina,Buenos Aires,98.3
10812,GODOS,8,1998-06-27,1998-06-28,USA,New York,194.98
10813,MAISD,9,1998-06-29,1998-07-07,Portugal,Lisboa,147.05
10814,BOTTM,2,1997-06-11,1997-06-25,Canada,Vancouver,88.94
10815,LEHMS,4,1997-07-08,1997-07-19,Brazil,Sao Paulo,151.13
10816,MEREP,3,1997-05-22,1997-05-29,Belgium,Brussels,14.17
10817,LAUGB,9,1998-02-12,1998-02-13,Ireland,Cork,85.02
10818,LAZYK,7,1998-06-18,1998-06-24,Canada,Vancouver,176.43
10819,LONEP,3,1997-08-07,1997-08-19,Australia,Melbourne,198.4
10820,HUNGC,5,1996-07-27,1996-07-28,Argentina,Buenos Aires,166.78
10821,MAISD,2,1996-11-07,1996-11-08,Venezuela,Caracas,61.0
10822,KOENE,9,1998-10-06,1998-10-18,Argentina,Buenos Aires,71.37
10823,HILAA,4,1996-10-19,1996-10-25,Spain,Madrid,91.95
10824,BOTTM,8,1996-09-05,1996-09-12,Canada,Vancouver,90.34
10825,GODOS,8,1998-04-16,1998-04-23,Belgium,Brussels,165.11
10826,GOURL,8,1998-06-15,1998-06-19,France,Paris,149.81
10827,BSBEV,3,1997-11-13,1997-11-14,Belgium,Brussels,11.63
10828,ANTON,7,1996-09-11,1996-09-25,Portugal,Lisboa,115.47
10829,LONEP,6,1996-12-03,1996-12-17,UK,London,160.36
10830,ISLAT,5,1998-06-28,1998-06-29,USA,New York,129.5
10831,CHOPS,8,1998-02-07,1998-02-16,Australia,Melbourne,179.58
10832,COMMI,4,1996-07-23,1996-07-28,Venezuela,Caracas,18.76
10833,BOLID,9,1996-10-05,1996-10-07,Mexico,Mexico D.F.,58.5
10834,AROUT,6,1998-05-29,1998-06-01,Mexico,Mexico D.F.,7.38
10835,FURIB,6,1997-05-27,1997-05-30,Sweden,Stockholm,76.35
10836,KOENE,4,1998-08-13,1998-08-23,Portugal,Lisboa,102.71
10837,KOENE,2,1997-04-05,1997-04-14,Argentina,Buenos Aires,153.07
10838,FRANK,9,1998-09-13,1998-09-16,Mexico,Mexico D.F.,156.84
10839,DUMON,7,1997-04-09,1997-04-19,Spain,Madrid,168.8
10840,FRANS,2,1997-05-07,1997-05-09,Brazil,Sao Paulo,145.56
10841,GODOS,5,1998-08-13,1998-08-25,Argentina,Buenos Aires,133.13
10842,ALFKI,1,1998-03-19,1998-03-27,Mexico,Mexico D.F.,83.81
10843,FRANR,6,1997-06-30,1997-07-14,Italy,Rome,37.08
10844,ALFKI,4,1997-01-17,1997-01-25,Germany,Berlin,152.17
10845,EASTC,8,1997-07-10,1997-07-11,Canada,Vancouver,3.41
10846,BOTTM,5,1998-08-06,1998-08-08,Argentina,Buenos Aires,176.44
10847,LAZYK,1,1998-04-21,1998-05-02,Austria,Vienna,87.64
10848,GODOS,6,1997-09-07,1997-09-16,Germany,Berlin,79.59
10849,FOLIG,5,1997-01-21,1997-01-24,UK,London,125.95
10850,KOENE,6,1998-10-09,1998-10-10,Sweden,Stockholm,50.94
10851,BLAUS,1,1998-02-16,1998-02-18,France,Paris,76.72
10852,LAMAI,7,1996-08-29,1996-09-03,UK,London,22.16
10853,FRANS,2,1998-11-21,1998-11-28,Belgium,Brussels,48.16
10854,ALFKI,2,1996-10-22,1996-10-24,Canada,Vancouver,181.07
10855,GODOS,3,1998-07-16,1998-07-26,Argentina,Buenos Aires,29.26
10856,HANAR,6,1998-02-22,1998-03-01,Ireland,Cork,117.57
10857,CHOPS,4,1997-09-09,1997-09-15,Canada,Vancouver,157.48
10858,FURIB,6,1998-03-26,1998-03-31,Mexico,Mexico D.F.,22.76
10859,LILAS,4,1998-04-19,1998-04-23,Venezuela,Caracas,125.54
10860,CENTC,1,1997-01-30,1997-02-06,Spain,Madrid,3.96
10861,CHOPS,4,1996-08-17,1996-08-18,Ireland,Cork,36.48
10862,BOLID,1,1998-11-14,1998-11-19,Brazil,Sao Paulo,77.03
10863,DRACD,6,1997-05-12,1997-05-20,Spain,Madrid,132.86
10864,ANTON,4,1998-04-16,1998-04-20,Ireland,Cork,158.34
10865,BLAUS,8,1997-02-03,1997-02-15,UK,London,35.15
10866,GREAL,5,1998-07-06,1998-07-14,Italy,Rome,128.34
10867,DUMON,9,1998-11-13,1998-11-19,UK,London,28.6
10868,ANTON,8,1997-02-24,1997-03-06,Australia,Melbourne,124.98
10869,LAZYK,2,1997-02-28,1997-03-05,Spain,Madrid,180.49
10870,ANTON,9,1996-09-15,1996-09-21,Canada,Vancouver,68.08
10871,FAMIA,5,1996-07-12,1996-07-25,Spain,Madrid,157.06
10872,COMMI,8,1998-07-14,1998-07-26,Argentina,Buenos Aires,104.13
10873,BOTTM,5,1998-02-15,1998-03-01,Germany,Berlin,100.96
10874,ANTON,3,1998-02-05,1998-02-18,Brazil,Sao Paulo,195.49
10875,CHOPS,8,1998-01-02,1998-01-09,USA,New York,67.11
10876,COMMI,4,1997-08-03,1997-08-08,Ireland,Cork,132.59
10877,CACTU,6,1997-12-16,1997-12-17,Belgium,Brussels,79.44
10878,BERGS,7,1997-11-05,1997-11-17,Canada,Vancouver,27.73
10879,HANAR,8,1998-02-25,1998-03-01,Sweden,Stockholm,41.94
10880,ISLAT,8,1997-12-24,1997-12-30,Venezuela,Caracas,93.61
10881,FOLKO,5,1998-04-26,1998-05-04,Italy,Rome,123.38
10882,LILAS,2,1998-05-09,1998-05-12,Italy,Rome,140.33
10883,HUNGC,5,1997-04-10,1997-04-21,UK,London,140.21
10884,HANAR,6,1998-08-16,1998-08-18,Belgium,Brussels,91.29
10885,CHOPS,7,1998-08-06,1998-08-13,France,Paris,4.13
10886,MAGAA,8,1997-06-03,1997-06-14,Portugal,Lisboa,93.35
10887,BOTTM,8,1998-07-04,1998-07-12,Sweden,Stockholm,168.63
10888,FRANS,3,1998-01-02,1998-01-14,UK,London,134.94
10889,CENTC,4,1997-09-28,1997-10-04,France,Paris,178.75
10890,DRACD,6,1998-08-28,1998-09-01,Argentina,Buenos Aires,41.6
10891,CHOPS,2,1997-06-14,1997-06-28,Argentina,Buenos Aires,191.83
10892,HANAR,2,1996-08-18,1996-08-25,Austria,Vienna,65.89
10893,BOLID,6,1997-02-26,1997-03-02,Austria,Vienna,36.38
10894,COMMI,7,1996-08-17,1996-08-19,Ireland,Cork,153.97
10895,LAUGB,6,1997-06-09,1997-06-12,Portugal,Lisboa,15.37
10896,LAUGB,4,1997-07-30,1997-08-08,Australia,Melbourne,118.32
10897,MAGAA,7,1997-05-16,1997-05-20,Argentina,Buenos Aires,124.71
10898,BSBEV,7,1997-05-03,1997-05-07,Canada,Vancouver,129.12
10899,MAISD,1,1997-05-25,1997-06-05,Australia,Melbourne,158.77
10900,LILAS,4,1998-10-02,1998-10-13,Italy,Rome,105.25
10901,AROUT,3,1996-09-13,1996-09-17,Canada,Vancouver,26.86
10902,GOURL,5,1997-09-13,1997-09-25,Mexico,Mexico D.F.,144.89
10903,LAUGB,4,1998-02-14,1998-02-22,Sweden,Stockholm,172.76
10904,GREAL,1,1998-10-21,1998-11-03,Italy,Rome,86.62
10905,BSBEV,9,1998-03-05,1998-03-14,Mexico,Mexico D.F.,52.94
10906,ALFKI,9,1997-01-14,1997-01-15,Spain,Madrid,99.31
10907,CACTU,4,1997-08-02,1997-08-12,Belgium,Brussels,191.51
10908,DRACD,4,1997-09-11,1997-09-23,Portugal,Lisboa,8.83
10909,LACOR,3,1997-03-21,1997-03-25,Germany,Berlin,25.11
10910,KOENE,2,1997-08-15,1997-08-27,Australia,Melbourne,182.17
10911,ISLAT,6,1996-10-23,1996-11-03,Brazil,Sao Paulo,55.27
10912,ALFKI,2,1998-10-17,1998-10-25,UK,London,155.2
10913,CENTC,9,1997-01-22,1997-01-30,USA,New York,91.23
10914,FURIB,8,1997-03-26,1997-04-09,USA,New York,173.94
10915,ANATR,4,1996-09-07,1996-09-13,Portugal,Lisboa,98.07
10916,LEHMS,1,1998-08-12,1998-08-13,USA,New York,43.79
10917,MAISD,6,1997-11-13,1997-11-21,Belgium,Brussels,68.64
10918,ALFKI,8,1998-10-07,1998-10-09,Italy,Rome,145.59
10919,LAMAI,8,1997-07-16,1997-07-24,Australia,Melbourne,83.8
10920,MAGAA,6,1998-12-15,1998-12-16,Venezuela,Caracas,48.24
10921,CHOPS,3,1997-04-30,1997-05-10,Australia,Melbourne,175.49
10922,LEHMS,2,1996-12-25,1997-01-07,USA,New York,88.11
10923,EASTC,4,1997-07-31,1997-08-13,Sweden,Stockholm,133.85
10924,LILAS,6,1996-10-04,1996-10-17,Argentina,Buenos Aires,186.49
10925,BLAUS,6,1996-10-01,1996-10-03,Canada,Vancouver,149.43
10926,FRANR,1,1998-11-24,1998-11-30,Ireland,Cork,14.25
10927,CONSH,8,1998-10-17,1998-10-22,Venezuela,Caracas,31.19
10928,LINOD,8,1997-04-10,1997-04-24,Canada,Vancouver,100.02
10929,FAMIA,3,1998-07-18,1998-07-25,Germany,Berlin,110.49
10930,CHOPS,9,1997-04-19,1997-05-01,Italy,Rome,21.27
10931,GREAL,5,1997-09-29,1997-10-11,Brazil,Sao Paulo,43.53
10932,BSBEV,7,1998-05-29,1998-06-11,Belgium,Brussels,136.53
10933,LAZYK,6,1996-11-01,1996-11-10,Belgium,Brussels,194.01
10934,LAZYK,7,1998-09-08,1998-09-16,Sweden,Stockholm,127.2
10935,CENTC,7,1998-09-25,1998-10-05,Portugal,Lisboa,199.99
10936,KOENE,9,1996-09-07,1996-09-16,USA,New York,151.19
10937,BONAP,1,1998-10-01,1998-10-07,Brazil,Sao Paulo,115.87
10938,FRANK,9,1997-12-04,1997-12-09,Mexico,Mexico D.F.,85.76
10939,ERNSH,9,1997-12-17,1997-12-30,Venezuela,Caracas,29.69
10940,FAMIA,4,1997-01-12,1997-01-15,Brazil,Sao Paulo,121.22
10941,DUMON,5,1996-09-18,1996-09-27,Italy,Rome,130.65
10942,HUNGC,4,1998-06-15,1998-06-18,UK,London,126.65
10943,GALED,7,1997-05-23,1997-06-05,Germany,Berlin,192.88
10944,LAUGB,2,1996-09-09,1996-09-15,Spain,Madrid,182.03
10945,CENTC,9,1998-09-13,1998-09-15,Ireland,Cork,118.59
10946,MAISD,7,1996-12-25,1996-12-31,Mexico,Mexico D.F.,70.34
10947,LAUGB,6,1996-08-27,1996-09-08,Argentina,Buenos Aires,136.29
10948,BLAUS,5,1997-05-12,1997-05-23,Belgium,Brussels,154.57
10949,BLAUS,3,1998-07-21,1998-07-25,France,Paris,18.75
10950,LAMAI,4,1997-08-23,1997-08-24,Germany,Berlin,143.4
10951,AROUT,7,1997-12-12,1997-12-18,Portugal,Lisboa,77.06
10952,ALFKI,7,1997-04-01,1997-04-05,Canada,Vancouver,184.77
10953,FRANS,6,1998-07-13,1998-07-16,Germany,Berlin,22.06
10954,DUMON,4,1998-08-30,1998-09-10,Portugal,Lisboa,80.28
10955,FOLKO,7,1996-12-16,1996-12-19,Germany,Berlin,73.13
10956,FOLIG,1,1997-09-08,1997-09-20,Mexico,Mexico D.F.,133.91
10957,BOLID,1,1996-11-15,1996-11-17,Brazil,Sao Paulo,32.8
10958,DRACD,3,1998-08-22,1998-08-29,Australia,Melbourne,39.0
10959,BOLID,9,1998-06-27,1998-07-10,Mexico,Mexico D.F.,39.36
10960,AROUT,7,1996-10-05,1996-10-19,Belgium,Brussels,105.94
10961,FAMIA,2,1998-04-24,1998-04-25,Sweden,Stockholm,73.99
10962,FISSA,4,1998-05-11,1998-05-23,Ireland,Cork,95.47
10963,FRANK,9,1998-08-02,1998-08-15,Spain,Madrid,49.17
10964,GODOS,2,1997-01-17,1997-01-29,UK,London,188.48
10965,LAUGB,2,1997-07-13,1997-07-21,Belgium,Brussels,15.41
10966,CHOPS,7,1998-09-25,1998-10-07,Portugal,Lisboa,137.57
10967,ALFKI,9,1998-03-02,1998-03-14,Venezuela,Caracas,101.76
10968,BOTTM,5,1998-12-25,1998-12-30,France,Paris,129.2
10969,FRANK,6,1998-04-12,1998-04-22,UK,London,189.39
10970,LEHMS,2,1996-07-20,1996-07-29,Italy,Rome,189.24
10971,MAISD,7,1998-02-19,1998-03-02,Brazil,Sao Paulo,90.32
10972,LAZYK,5,1998-07-20,1998-07-23,Germany,Berlin,63.41
10973,DRACD,8,1996-09-15,1996-09-22,Italy,Rome,21.85
10974,EASTC,3,1998-08-31,1998-09-02,Germany,Berlin,158.9
10975,BLAUS,4,1998-11-24,1998-12-06,Brazil,Sao Paulo,97.12
10976,FURIB,3,1996-10-17,1996-10-26,Germany,Berlin,182.61
10977,LAZYK,5,1996-12-01,1996-12-07,Argentina,Buenos Aires,184.49
10978,BLAUS,1,1996-11-02,1996-11-08,Brazil,Sao Paulo,37.26
10979,LINOD,2,1997-04-01,1997-04-14,Germany,Berlin,172.62
10980,GREAL,2,1997-10-04,1997-10-16,USA,New York,116.41
10981,GREAL,7,1997-11-22,1997-11-29,Austria,Vienna,29.37
10982,CONSH,7,1997-12-31,1998-01-09,UK,London,117.03
10983,FRANK,9,1998-11-22,1998-11-23,Portugal,Lisboa,191.61
10984,MEREP,3,1997-07-08,1997-07-22,Ireland,Cork,93.16
10985,LEHMS,2,1998-06-22,1998-06-24,Portugal,Lisboa,167.81
10986,ISLAT,7,1996-09-20,1996-09-21,Brazil,Sao Paulo,153.55
10987,LAZYK,1,1996-12-10,1996-12-11,Mexico,Mexico D.F.,101.65
10988,HUNGO,5,1998-05-31,1998-06-08,Australia,Melbourne,62.59
10989,COMMI,7,1996-11-09,1996-11-21,France,Paris,45.34
10990,LAZYK,7,1997-11-04,1997-11-10,Italy,Rome,34.64
10991,ERNSH,3,1996-08-01,1996-08-05,USA,New York,14.93
10992,FAMIA,1,1997-05-22,1997-05-24,Spain,Madrid,150.83
10993,MEREP,3,1997-11-30,1997-12-13,Germany,Berlin,118.26
10994,LETSS,3,1998-12-26,1998-12-30,Mexico,Mexico D.F.,198.7
10995,LAMAI,2,1997-03-05,1997-03-09,Brazil,Sao Paulo,114.25
10996,CACTU,2,1996-12-24,1996-12-29,Sweden,Stockholm,116.15
10997,BONAP,8,1998-04-30,1998-05-03,France,Paris,73.97
10998,LETSS,7,1997-07-21,1997-07-23,Australia,Melbourne,91.12
10999,DRACD,9,1998-08-01,1998-08-14,Germany,Berlin,32.6
11000,BERGS,4,1998-02-07,1998-02-14,Italy,Rome,175.08
11001,GOURL,2,1998-04-22,1998-05-01,UK,London,37.69
11002,FOLIG,2,1997-01-24,1997-01-31,Austria,Vienna,69.8
11003,ANTON,7,1997-05-27,1997-06-06,France,Paris,187.42
11004,LAUGB,3,1997-04-06,1997-04-11,UK,London,30.06
11005,CENTC,1,1998-05-20,1998-05-25,UK,London,179.2
11006,ISLAT,7,1997-07-02,1997-07-14,Germany,Berlin,113.06
11007,FISSA,2,1997-11-27,1997-12-11,Belgium,Brussels,54.03
11008,LAUGB,2,1998-04-14,1998-04-22,France,Paris,45.29
11009,COMMI,4,1997-02-10,1997-02-16,Germany,Berlin,75.31
11010,FOLKO,6,1997-08-31,1997-09-07,Belgium,Brussels,105.59
11011,LEHMS,7,1997-07-29,1997-08-03,Ireland,Cork,141.01
11012,ANATR,7,1996-10-03,1996-10-14,USA,New York,100.29
11013,BONAP,4,1998-01-19,1998-01-26,Portugal,Lisboa,190.21
11014,EASTC,5,1997-12-05,1997-12-10,Ireland,Cork,168.02
11015,ISLAT,7,1997-06-12,1997-06-15,Argentina,Buenos Aires,112.04
11016,HILAA,3,1997-08-20,1997-08-26,Belgium,Brussels,47.73
11017,CACTU,6,1998-11-08,1998-11-17,Canada,Vancouver,20.46
11018,LINOD,9,1996-08-01,1996-08-11,UK,London,115.22
11019,LAUGB,6,1997-10-11,1997-10-22,Mexico,Mexico D.F.,49.46
11020,LEHMS,1,1998-08-31,1998-09-05,Sweden,Stockholm,18.43
11021,BOLID,3,1998-03-06,1998-03-08,Ireland,Cork,53.87
11022,GROSR,1,1997-08-08,1997-08-10,Belgium,Brussels,16.57
11023,LAUGB,8,1997-07-23,1997-07-29,Mexico,Mexico D.F.,37.6
11024,FOLKO,8,1996-11-01,1996-11-07,Germany,Berlin,33.36
11025,ANATR,6,1996-10-29,1996-11-02,Brazil,Sao Paulo,45.51
11026,GROSR,7,1997-10-25,1997-11-06,Australia,Melbourne,189.38
11027,MEREP,5,1998-02-21,1998-03-06,Mexico,Mexico D.F.,159.23
11028,FRANK,2,1998-02-04,1998-02-10,Venezuela,Caracas,35.12
11029,LAZYK,9,1997-04-30,1997-05-10,Spain,Madrid,80.86
11030,CENTC,6,1997-09-16,1997-09-29,Argentina,Buenos Aires,16.38
11031,COMMI,8,1998-07-08,1998-07-14,Austria,Vienna,179.95
11032,FISSA,4,1997-05-25,1997-06-08,Canada,Vancouver,11.83
11033,ANATR,5,1997-03-03,1997-03-13,Germany,Berlin,129.45
11034,MAISD,6,1997-04-11,1997-04-17,Italy,Rome,17.79
11035,LAMAI,2,1998-11-14,1998-11-20,Germany,Berlin,46.35
11036,LONEP,7,1998-12-03,1998-12-15,Argentina,Buenos Aires,35.7
11037,ANTON,2,1997-03-26,1997-04-08,France,Paris,189.53
11038,CACTU,3,1997-04-06,1997-04-18,Venezuela,Caracas,25.74
11039,DRACD,8,1997-12-20,1997-12-29,Portugal,Lisboa,195.32
11040,DRACD,4,1997-06-30,1997-07-09,UK,London,16.88
11041,KOENE,9,1997-02-02,1997-02-16,Australia,Melbourne,171.97
11042,LAMAI,9,1997-08-02,1997-08-10,Canada,Vancouver,156.44
11043,LAZYK,2,1998-12-11,1998-12-21,Brazil,Sao Paulo,93.27
11044,CENTC,5,1996-07-20,1996-07-28,Germany,Berlin,96.3
11045,EASTC,6,1996-08-27,1996-09-04,USA,New York,11.73
11046,AROUT,4,1996-10-23,1996-11-03,USA,New York,45.48
11047,HUNGC,2,1997-03-05,1997-03-07,Sweden,Stockholm,46.84
11048,BOLID,3,1998-07-25,1998-07-26,Australia,Melbourne,181.74
11049,GALED,6,1998-05-17,1998-05-25,Germany,Berlin,37.15
11050,DRACD,8,1997-11-16,1997-11-30,USA,New York,10.94
11051,HILAA,9,1998-11-06,1998-11-10,Mexico,Mexico D.F.,151.49
11052,MAGAA,6,1997-10-10,1997-10-18,Sweden,Stockholm,133.35
11053,LETSS,9,1996-10-27,1996-11-01,Germany,Berlin,31.28
11054,LAUGB,2,1997-01-18,1997-01-25,Sweden,Stockholm,175.67
11055,BONAP,7,1998-11-05,1998-11-15,Venezuela,Caracas,114.2
11056,LEHMS,3,1998-04-03,1998-04-12,Ireland,Cork,98.39
11057,ERNSH,2,1996-08-14,1996-08-18,France,Paris,98.7
11058,BOTTM,6,1996-08-24,1996-08-29,Ireland,Cork,157.48
11059,LETSS,7,1997-07-02,1997-07-06,Belgium,Brussels,81.02
11060,CENTC,7,1998-03-07,1998-03-12,Austria,Vienna,161.27
11061,FAMIA,5,1998-01-22,1998-01-26,UK,London,60.87
11062,GALED,8,1997-10-26,1997-11-01,Belgium,Brussels,192.37
11063,HUNGC,5,1996-11-11,1996-11-21,France,Paris,151.56
11064,BOLID,5,1997-06-10,1997-06-20,Portugal,Lisboa,138.74
11065,HILAA,3,1998-06-22,1998-06-26,Portugal,Lisboa,29.01
11066,CHOPS,2,1998-04-03,1998-04-15,UK,London,2.01
11067,DRACD,9,1997-11-11,1997-11-14,Sweden,Stockholm,164.69
11068,ERNSH,5,1997-11-03,1997-11-11,USA,New York,191.9
11069,BONAP,7,1997-04-20,1997-04-28,Germany,Berlin,116.95
11070,BOTTM,8,1996-08-16,1996-08-22,Venezuela,Caracas,56.83
11071,CENTC,3,1997-12-11,1997-12-13,Spain,Madrid,131.87
11072,HANAR,9,1998-02-13,1998-02-25,Sweden,Stockholm,27.63
11073,LEHMS,2,1997-02-26,1997-02-28,Portugal,Lisboa,186.98
11074,LAMAI,5,1996-09-07,1996-09-08,USA,New York,9.41
11075,ANATR,3,1998-03-17,1998-03-28,Austria,Vienna,23.32
11076,MAGAA,3,1997-02-19,1997-02-23,Belgium,Brussels,163.14
11077,ALFKI,6,1998-10-11,1998-10-14,Belgium,Brussels,114.52
