OrderID,ProductID,UnitPrice,Quantity,Discount
10248,44,19.45,24,0.0
10249,39,18.0,21,0.2
10249,2,19.0,8,0.25
10249,36,19.0,19,0.1
10249,13,6.0,26,0.0
10249,46,12.0,25,0.0
10250,7,30.0,4,0.15
10250,6,25.0,28,0.15
10250,25,14.0,20,0.1
10251,6,25.0,20,0.15
10251,36,19.0,19,0.05
10251,19,9.2,23,0.0
10251,41,9.65,2,0.05
10252,41,9.65,7,0.1
10252,24,4.5,23,0.0
10252,11,21.0,20,0.0
10252,23,9.0,18,0.05
10253,15,15.5,27,0.0
10254,46,12.0,13,0.25
10254,21,10.0,5,0.1
10254,14,23.25,5,0.05
10254,42,14.0,24,0.1
10254,32,32.0,24,0.2
10255,49,20.0,2,0.0
10256,30,25.89,22,0.0
10256,34,14.0,22,0.1
10256,17,39.0,25,0.15
10256,36,19.0,4,0.1
10256,1,18.0,14,0.0
10257,7,30.0,7,0.0
10257,41,9.65,12,0.0
10257,20,81.0,18,0.0
10257,33,2.5,20,0.15
10257,39,18.0,16,0.0
10258,6,25.0,18,0.0
10258,47,9.5,5,0.25
10258,32,32.0,18,0.0
10258,5,21.35,9,0.2
10258,49,20.0,7,0.05
10259,8,40.0,11,0.0
10259,16,17.45,19,0.05
10259,15,15.5,19,0.05
10259,5,21.35,1,0.0
10260,5,21.35,9,0.25
10260,33,2.5,7,0.0
10260,16,17.45,24,0.25
10261,23,9.0,28,0.0
10261,28,45.6,22,0.0
10261,27,43.9,2,0.2
10261,30,25.89,24,0.15
10262,9,97.0,15,0.05
10262,28,45.6,28,0.0
10262,12,38.0,15,0.0
10262,18,62.5,2,0.0
10263,26,31.23,6,0.2
10263,4,22.0,1,0.2
10264,43,46.0,10,0.05
10264,46,12.0,2,0.0
10264,32,32.0,24,0.15
10264,10,31.0,2,0.0
10264,13,6.0,19,0.25
10265,12,38.0,3,0.0
10266,16,17.45,3,0.2
10266,38,263.5,22,0.15
10266,39,18.0,30,0.1
10266,3,10.0,7,0.15
10266,40,18.4,8,0.1
10267,1,18.0,15,0.0
10268,5,21.35,10,0.0
10268,16,17.45,15,0.1
10268,24,4.5,20,0.0
10269,17,39.0,29,0.0
10269,8,40.0,24,0.0
10270,33,2.5,29,0.0
10270,32,32.0,3,0.2
10270,17,39.0,27,0.1
10271,36,19.0,4,0.0
10271,46,12.0,29,0.0
10271,28,45.6,18,0.0
10271,1,18.0,27,0.15
10272,3,10.0,22,0.05
10272,23,9.0,22,0.0
10272,14,23.25,12,0.2
10273,27,43.9,6,0.15
10273,2,19.0,26,0.2
10274,25,14.0,28,0.0
10275,15,15.5,22,0.05
10275,2,19.0,13,0.15
10276,44,19.45,4,0.1
10276,35,18.0,6,0.1
10276,22,21.0,2,0.0
10276,2,19.0,20,0.2
10277,13,6.0,1,0.05
10277,17,39.0,12,0.2
10277,3,10.0,3,0.15
10277,46,12.0,20,0.15
10277,28,45.6,22,0.0
10278,36,19.0,14,0.2
10278,9,97.0,22,0.0
10278,13,6.0,20,0.1
10279,39,18.0,15,0.05
10279,42,14.0,17,0.25
10279,21,10.0,26,0.0
10279,30,25.89,22,0.0
10279,29,123.79,10,0.15
10280,10,31.0,2,0.05
10280,2,19.0,16,0.0
10281,10,31.0,23,0.0
10281,42,14.0,29,0.0
10282,16,17.45,17,0.15
10282,8,40.0,25,0.25
10282,30,25.89,20,0.2
10282,9,97.0,27,0.25
10282,43,46.0,29,0.0
10283,50,16.25,21,0.05
10283,34,14.0,9,0.25
10283,32,32.0,3,0.1
10284,25,14.0,5,0.05
10284,45,9.5,3,0.2
10285,25,14.0,1,0.2
10285,50,16.25,16,0.0
10285,38,263.5,12,0.1
10285,45,9.5,25,0.2
10286,28,45.6,13,0.15
10286,32,32.0,22,0.2
10286,2,19.0,24,0.0
10287,37,26.0,14,0.0
10287,43,46.0,28,0.25
10287,2,19.0,6,0.0
10287,6,25.0,9,0.2
10287,42,14.0,11,0.05
10288,17,39.0,24,0.0
10288,6,25.0,12,0.05
10288,31,12.5,21,0.0
10288,2,19.0,25,0.0
10289,9,97.0,22,0.0
10289,31,12.5,19,0.05
10290,50,16.25,27,0.0
10291,26,31.23,19,0.05
10291,46,12.0,4,0.1
10291,13,6.0,28,0.0
10291,5,21.35,26,0.0
10292,1,18.0,4,0.2
10292,27,43.9,12,0.25
10292,32,32.0,23,0.0
10293,50,16.25,19,0.1
10293,31,12.5,11,0.05
10293,30,25.89,27,0.0
10293,28,45.6,9,0.25
10293,47,9.5,8,0.25
10294,12,38.0,12,0.1
10294,32,32.0,11,0.1
10294,14,23.25,29,0.1
10295,32,32.0,23,0.25
10295,36,19.0,21,0.25
10295,49,20.0,15,0.0
10295,16,17.45,3,0.1
10296,31,12.5,12,0.2
10296,36,19.0,24,0.15
10296,34,14.0,12,0.25
10297,8,40.0,25,0.0
10297,48,12.75,7,0.05
10297,35,18.0,24,0.25
10298,19,9.2,12,0.0
10298,15,15.5,10,0.0
10299,19,9.2,16,0.0
10299,45,9.5,28,0.0
10299,9,97.0,19,0.1
10299,41,9.65,16,0.25
10299,49,20.0,15,0.15
10300,32,32.0,22,0.0
10300,5,21.35,5,0.0
10300,37,26.0,26,0.1
10300,41,9.65,3,0.05
10301,29,123.79,10,0.0
10301,20,81.0,20,0.0
10301,38,263.5,25,0.05
10301,28,45.6,21,0.05
10302,11,21.0,1,0.2
10303,46,12.0,28,0.25
10303,19,9.2,3,0.05
10303,45,9.5,30,0.1
10304,42,14.0,30,0.1
10304,10,31.0,27,0.0
10305,45,9.5,17,0.25
10305,20,81.0,15,0.0
10305,26,31.23,20,0.0
10305,18,62.5,29,0.2
10306,38,263.5,19,0.0
10306,2,19.0,25,0.0
10306,49,20.0,16,0.25
10306,44,19.45,30,0.1
10306,18,62.5,6,0.2
10307,21,10.0,28,0.0
10307,43,46.0,11,0.2
10307,7,30.0,23,0.25
10308,17,39.0,25,0.2
10308,21,10.0,28,0.0
10308,8,40.0,22,0.25
10309,41,9.65,7,0.1
10309,29,123.79,18,0.0
10309,49,20.0,30,0.1
10309,4,22.0,15,0.25
10310,36,19.0,14,0.0
10311,32,32.0,10,0.1
10311,46,12.0,14,0.25
10312,33,2.5,25,0.2
10312,48,12.75,11,0.1
10312,9,97.0,27,0.0
10312,5,21.35,10,0.1
10312,18,62.5,27,0.25
10313,49,20.0,28,0.05
10313,35,18.0,23,0.05
10313,25,14.0,19,0.2
10313,30,25.89,8,0.2
10313,21,10.0,2,0.15
10314,32,32.0,5,0.15
10314,3,10.0,28,0.0
10315,47,9.5,5,0.2
10316,22,21.0,13,0.0
10316,40,18.4,28,0.15
10316,45,9.5,28,0.2
10317,41,9.65,30,0.1
10317,44,19.45,8,0.0
10318,2,19.0,26,0.0
10318,3,10.0,10,0.15
10318,21,10.0,12,0.2
10319,40,18.4,28,0.2
10320,30,25.89,1,0.25
10320,17,39.0,29,0.1
10320,43,46.0,22,0.0
10321,20,81.0,4,0.05
10321,13,6.0,13,0.15
10321,25,14.0,19,0.1
10321,31,12.5,23,0.1
10322,39,18.0,24,0.25
10323,40,18.4,22,0.0
10323,17,39.0,21,0.0
10324,47,9.5,30,0.1
10324,9,97.0,11,0.2
10324,6,25.0,6,0.05
10325,11,21.0,26,0.1
10325,17,39.0,24,0.15
10325,31,12.5,26,0.0
10326,24,4.5,18,0.0
10326,6,25.0,15,0.15
10326,26,31.23,22,0.1
10326,1,18.0,19,0.2
10326,17,39.0,27,0.15
10327,21,10.0,21,0.25
10327,40,18.4,30,0.1
10327,15,15.5,21,0.2
10327,42,14.0,4,0.0
10327,5,21.35,2,0.0
10328,25,14.0,12,0.2
10328,30,25.89,19,0.0
10329,3,10.0,7,0.25
10329,45,9.5,15,0.05
10329,24,4.5,28,0.15
10330,13,6.0,3,0.05
10330,8,40.0,21,0.0
10330,30,25.89,2,0.15
10331,14,23.25,5,0.0
10331,38,263.5,9,0.0
10331,15,15.5,5,0.1
10331,22,21.0,26,0.0
10331,50,16.25,4,0.0
10332,4,22.0,14,0.0
10332,9,97.0,24,0.0
10332,48,12.75,16,0.25
10333,3,10.0,15,0.0
10333,47,9.5,2,0.25
10333,43,46.0,28,0.2
10333,34,14.0,14,0.0
10333,20,81.0,16,0.25
10334,41,9.65,13,0.1
10334,38,263.5,15,0.2
10334,36,19.0,4,0.0
10334,46,12.0,28,0.05
10334,21,10.0,14,0.25
10335,21,10.0,14,0.15
10336,6,25.0,14,0.0
10337,36,19.0,12,0.2
10337,22,21.0,28,0.0
10337,43,46.0,10,0.1
10337,8,40.0,12,0.0
10337,27,43.9,19,0.05
10338,24,4.5,8,0.2
10338,8,40.0,28,0.0
10338,49,20.0,20,0.1
10338,18,62.5,1,0.0
10338,37,26.0,9,0.1
10339,5,21.35,1,0.0
10339,10,31.0,24,0.05
10339,48,12.75,13,0.2
10339,41,9.65,15,0.15
10340,11,21.0,20,0.0
10340,49,20.0,22,0.0
10341,18,62.5,4,0.15
10341,14,23.25,14,0.0
10341,49,20.0,10,0.25
10341,33,2.5,17,0.1
10342,50,16.25,25,0.1
10342,9,97.0,10,0.15
10343,46,12.0,26,0.15
10343,15,15.5,3,0.2
10343,33,2.5,28,0.0
10343,36,19.0,14,0.0
10343,43,46.0,15,0.0
10344,19,9.2,11,0.0
10344,8,40.0,26,0.25
10344,26,31.23,27,0.15
10344,2,19.0,3,0.2
10345,20,81.0,11,0.0
10345,48,12.75,3,0.0
10345,22,21.0,17,0.05
10345,15,15.5,29,0.15
10346,13,6.0,5,0.0
10346,12,38.0,6,0.25
10346,39,18.0,15,0.25
10347,31,12.5,15,0.1
10348,30,25.89,2,0.15
10348,29,123.79,27,0.1
10348,3,10.0,3,0.0
10349,29,123.79,30,0.05
10350,7,30.0,17,0.0
10350,22,21.0,2,0.05
10350,46,12.0,23,0.25
10350,6,25.0,15,0.0
10351,4,22.0,11,0.0
10351,41,9.65,18,0.2
10351,42,14.0,10,0.1
10351,22,21.0,24,0.0
10351,5,21.35,11,0.0
10352,9,97.0,10,0.2
10352,39,18.0,21,0.15
10352,46,12.0,27,0.0
10352,6,25.0,22,0.0
10353,12,38.0,25,0.25
10353,14,23.25,7,0.05
10353,22,21.0,5,0.0
10354,50,16.25,20,0.2
10354,40,18.4,5,0.0
10354,9,97.0,6,0.0
10355,29,123.79,10,0.25
10355,40,18.4,8,0.05
10356,29,123.79,17,0.2
10356,30,25.89,6,0.05
10356,50,16.25,26,0.0
10356,19,9.2,28,0.1
10356,25,14.0,2,0.25
10357,6,25.0,9,0.25
10357,49,20.0,29,0.0
10357,11,21.0,27,0.2
10358,33,2.5,3,0.15
10358,24,4.5,8,0.0
10358,16,17.45,11,0.0
10358,25,14.0,27,0.15
10359,45,9.5,16,0.25
10359,9,97.0,20,0.0
10359,49,20.0,29,0.0
10359,46,12.0,1,0.1
10360,16,17.45,2,0.05
10360,20,81.0,14,0.25
10360,8,40.0,3,0.0
10361,16,17.45,1,0.15
10361,46,12.0,8,0.2
10361,10,31.0,6,0.0
10361,19,9.2,17,0.15
10361,28,45.6,3,0.0
10362,48,12.75,26,0.0
10362,2,19.0,12,0.05
10362,23,9.0,24,0.0
10363,22,21.0,15,0.25
10363,42,14.0,21,0.0
10363,12,38.0,26,0.0
10363,50,16.25,3,0.25
10363,44,19.45,2,0.1
10364,26,31.23,25,0.05
10364,35,18.0,10,0.15
10364,31,12.5,28,0.0
10364,17,39.0,28,0.15
10364,3,10.0,9,0.0
10365,22,21.0,16,0.15
10365,12,38.0,30,0.1
10365,32,32.0,26,0.0
10365,45,9.5,24,0.2
10366,21,10.0,22,0.1
10367,29,123.79,28,0.15
10367,3,10.0,20,0.2
10367,47,9.5,9,0.0
10368,2,19.0,28,0.25
10368,10,31.0,2,0.0
10369,3,10.0,12,0.15
10369,39,18.0,15,0.0
10369,10,31.0,19,0.0
10369,44,19.45,17,0.15
10369,29,123.79,13,0.15
10370,34,14.0,9,0.1
10370,25,14.0,23,0.25
10370,36,19.0,7,0.1
10370,8,40.0,23,0.25
10371,6,25.0,12,0.0
10371,44,19.45,18,0.1
10371,21,10.0,29,0.1
10371,43,46.0,28,0.0
10372,13,6.0,26,0.0
10373,30,25.89,20,0.0
10373,36,19.0,3,0.1
10373,9,97.0,13,0.25
10374,42,14.0,15,0.15
10374,5,21.35,5,0.0
10374,29,123.79,25,0.0
10375,11,21.0,30,0.05
10375,21,10.0,12,0.1
10376,40,18.4,17,0.0
10376,35,18.0,19,0.0
10376,6,25.0,6,0.15
10377,17,39.0,14,0.0
10377,42,14.0,16,0.1
10377,14,23.25,21,0.1
10377,50,16.25,16,0.05
10377,37,26.0,26,0.2
10378,30,25.89,5,0.15
10378,14,23.25,28,0.15
10378,22,21.0,24,0.15
10378,39,18.0,13,0.0
10379,8,40.0,5,0.0
10379,18,62.5,2,0.1
10379,29,123.79,13,0.2
10379,16,17.45,8,0.0
10380,33,2.5,16,0.0
10380,30,25.89,3,0.2
10380,32,32.0,17,0.25
10380,20,81.0,8,0.05
10381,19,9.2,14,0.0
10381,35,18.0,29,0.1
10381,1,18.0,24,0.15
10381,7,30.0,25,0.2
10382,5,21.35,15,0.1
10382,25,14.0,27,0.0
10382,33,2.5,5,0.0
10383,39,18.0,13,0.0
10383,33,2.5,2,0.0
10384,33,2.5,13,0.1
10384,9,97.0,19,0.15
10384,21,10.0,17,0.25
10384,40,18.4,23,0.1
10384,11,21.0,16,0.0
10385,39,18.0,16,0.1
10386,34,14.0,24,0.2
10386,41,9.65,5,0.05
10387,27,43.9,7,0.2
10387,10,31.0,17,0.25
10387,45,9.5,28,0.0
10388,34,14.0,15,0.15
10388,25,14.0,18,0.15
10388,21,10.0,22,0.1
10388,12,38.0,20,0.25
10389,50,16.25,7,0.25
10389,19,9.2,11,0.25
10389,46,12.0,12,0.1
10390,23,9.0,2,0.1
10390,50,16.25,23,0.0
10390,10,31.0,12,0.25
10390,19,9.2,21,0.1
10391,9,97.0,24,0.05
10391,7,30.0,8,0.0
10391,40,18.4,22,0.05
10392,7,30.0,1,0.0
10392,44,19.45,14,0.25
10392,50,16.25,16,0.05
10392,9,97.0,25,0.1
10393,35,18.0,24,0.0
10393,48,12.75,30,0.0
10394,48,12.75,29,0.0
10394,19,9.2,1,0.1
10395,34,14.0,9,0.05
10395,32,32.0,26,0.0
10395,9,97.0,11,0.0
10395,33,2.5,24,0.25
10395,30,25.89,21,0.1
10396,12,38.0,28,0.2
10396,40,18.4,27,0.2
10397,31,12.5,30,0.05
10397,21,10.0,1,0.1
10398,1,18.0,8,0.0
10398,17,39.0,22,0.0
10398,42,14.0,15,0.1
10398,24,4.5,6,0.2
10398,45,9.5,22,0.1
10399,9,97.0,5,0.25
10399,31,12.5,24,0.15
10400,6,25.0,3,0.0
10400,34,14.0,2,0.05
10400,29,123.79,19,0.0
10400,46,12.0,6,0.15
10400,24,4.5,28,0.25
10401,4,22.0,14,0.25
10401,30,25.89,19,0.0
10401,9,97.0,18,0.25
10401,33,2.5,22,0.1
10402,5,21.35,3,0.0
10402,3,10.0,30,0.0
10402,28,45.6,30,0.25
10402,23,9.0,2,0.1
10402,45,9.5,14,0.0
10403,29,123.79,22,0.0
10403,25,14.0,21,0.15
10403,6,25.0,4,0.0
10403,44,19.45,18,0.2
10404,30,25.89,18,0.2
10404,44,19.45,18,0.2
10404,47,9.5,27,0.05
10405,3,10.0,26,0.2
10406,3,10.0,28,0.0
10406,29,123.79,8,0.0
10406,39,18.0,13,0.25
10406,44,19.45,8,0.05
10406,46,12.0,25,0.0
10407,16,17.45,22,0.05
10407,20,81.0,14,0.1
10407,10,31.0,9,0.0
10408,23,9.0,21,0.2
10409,12,38.0,8,0.05
10409,49,20.0,10,0.0
10409,35,18.0,26,0.25
10409,31,12.5,30,0.0
10410,17,39.0,11,0.0
10410,14,23.25,30,0.25
10411,44,19.45,7,0.05
10411,39,18.0,16,0.05
10411,3,10.0,28,0.15
10411,5,21.35,10,0.0
10412,46,12.0,11,0.1
10412,14,23.25,13,0.25
10412,26,31.23,18,0.15
10412,16,17.45,10,0.1
10412,36,19.0,12,0.25
10413,21,10.0,19,0.05
10413,27,43.9,24,0.0
10413,3,10.0,1,0.1
10414,15,15.5,27,0.05
10414,25,14.0,16,0.15
10414,37,26.0,9,0.25
10415,11,21.0,18,0.25
10415,9,97.0,6,0.0
10415,47,9.5,17,0.0
10416,5,21.35,5,0.0
10416,46,12.0,7,0.25
10417,36,19.0,24,0.1
10417,27,43.9,18,0.1
10417,1,18.0,1,0.2
10417,2,19.0,26,0.0
10417,34,14.0,4,0.0
10418,18,62.5,12,0.2
10418,26,31.23,15,0.05
10418,6,25.0,23,0.05
10419,36,19.0,1,0.0
10419,31,12.5,3,0.25
10419,4,22.0,28,0.2
10419,41,9.65,21,0.15
10420,31,12.5,30,0.1
10420,18,62.5,29,0.0
10420,3,10.0,6,0.15
10420,5,21.35,1,0.05
10420,44,19.45,19,0.0
10421,16,17.45,11,0.2
10421,37,26.0,25,0.0
10421,25,14.0,26,0.0
10421,44,19.45,17,0.15
10421,35,18.0,2,0.0
10422,2,19.0,26,0.25
10422,41,9.65,16,0.05
10422,18,62.5,12,0.2
10423,16,17.45,3,0.1
10423,46,12.0,5,0.2
10423,5,21.35,23,0.0
10424,29,123.79,9,0.0
10424,24,4.5,5,0.0
10424,49,20.0,6,0.2
10425,23,9.0,18,0.0
10426,50,16.25,29,0.05
10426,6,25.0,19,0.0
10426,47,9.5,22,0.2
10426,36,19.0,6,0.0
10427,18,62.5,26,0.0
10427,27,43.9,12,0.1
10427,20,81.0,8,0.25
10427,31,12.5,20,0.05
10428,40,18.4,15,0.15
10428,25,14.0,14,0.0
10428,22,21.0,10,0.15
10429,21,10.0,21,0.25
10429,19,9.2,19,0.05
10429,48,12.75,11,0.2
10429,45,9.5,9,0.2
10430,2,19.0,15,0.1
10430,47,9.5,27,0.0
10430,30,25.89,27,0.2
10430,46,12.0,22,0.25
10430,14,23.25,5,0.1
10431,29,123.79,20,0.25
10432,45,9.5,21,0.0
10432,35,18.0,4,0.05
10432,39,18.0,22,0.15
10433,28,45.6,4,0.1
10433,7,30.0,8,0.05
10433,1,18.0,15,0.15
10434,31,12.5,4,0.1
10435,14,23.25,16,0.0
10435,34,14.0,15,0.25
10435,31,12.5,11,0.0
10435,23,9.0,10,0.0
10436,48,12.75,17,0.0
10436,16,17.45,18,0.0
10437,12,38.0,22,0.2
10437,41,9.65,13,0.0
10438,14,23.25,25,0.0
10438,18,62.5,19,0.0
10439,8,40.0,17,0.15
10439,17,39.0,20,0.2
10439,43,46.0,20,0.2
10439,32,32.0,19,0.0
10440,6,25.0,8,0.1
10440,44,19.45,4,0.0
10440,9,97.0,12,0.0
10440,21,10.0,17,0.2
10440,8,40.0,14,0.0
10441,36,19.0,16,0.1
10441,11,21.0,5,0.0
10442,9,97.0,17,0.25
10442,13,6.0,14,0.25
10442,25,14.0,14,0.25
10442,36,19.0,16,0.0
10443,35,18.0,6,0.25
10443,19,9.2,19,0.25
10444,35,18.0,25,0.25
10444,49,20.0,18,0.05
10444,3,10.0,14,0.0
10445,29,123.79,9,0.15
10446,14,23.25,19,0.15
10446,48,12.75,28,0.2
10447,23,9.0,11,0.1
10447,35,18.0,10,0.1
10447,18,62.5,28,0.0
10447,39,18.0,5,0.2
10447,11,21.0,30,0.0
10448,16,17.45,13,0.25
10448,49,20.0,5,0.1
10448,44,19.45,21,0.2
10449,45,9.5,16,0.15
10449,24,4.5,19,0.0
10449,30,25.89,28,0.0
10450,14,23.25,11,0.1
10450,28,45.6,11,0.0
10450,32,32.0,19,0.25
10450,18,62.5,26,0.15
10451,2,19.0,15,0.0
10451,8,40.0,14,0.05
10451,11,21.0,23,0.0
10451,29,123.79,29,0.1
10452,43,46.0,2,0.2
10452,42,14.0,21,0.1
10452,11,21.0,24,0.05
10453,9,97.0,19,0.05
10454,28,45.6,23,0.0
10455,7,30.0,11,0.15
10456,5,21.35,19,0.0
10456,34,14.0,20,0.0
10457,44,19.45,5,0.0
10457,29,123.79,19,0.2
10457,14,23.25,12,0.2
10457,6,25.0,11,0.0
10457,7,30.0,8,0.1
10458,43,46.0,29,0.1
10459,42,14.0,16,0.2
10459,4,22.0,4,0.05
10459,16,17.45,16,0.0
10460,27,43.9,25,0.25
10460,24,4.5,25,0.0
10460,35,18.0,1,0.0
10460,44,19.45,1,0.1
10460,12,38.0,7,0.0
10461,50,16.25,3,0.0
10461,27,43.9,9,0.0
10461,28,45.6,10,0.0
10461,45,9.5,17,0.05
10461,26,31.23,26,0.0
10462,4,22.0,3,0.2
10462,16,17.45,4,0.25
10463,45,9.5,6,0.25
10463,1,18.0,12,0.1
10464,22,21.0,26,0.2
10465,24,4.5,12,0.0
10465,4,22.0,9,0.0
10465,32,32.0,29,0.0
10465,37,26.0,8,0.0
10465,11,21.0,2,0.0
10466,3,10.0,26,0.2
10466,36,19.0,8,0.15
10467,24,4.5,6,0.05
10467,8,40.0,26,0.0
10467,33,2.5,13,0.0
10467,44,19.45,29,0.25
10467,4,22.0,28,0.1
10468,24,4.5,7,0.1
10469,50,16.25,25,0.05
10469,13,6.0,5,0.0
10469,47,9.5,30,0.2
10469,35,18.0,1,0.05
10470,48,12.75,7,0.05
10470,47,9.5,14,0.25
10470,20,81.0,2,0.0
10470,7,30.0,23,0.1
10471,30,25.89,19,0.0
10471,48,12.75,17,0.0
10471,6,25.0,21,0.2
10472,16,17.45,9,0.15
10472,19,9.2,30,0.2
10473,5,21.35,5,0.0
10473,13,6.0,5,0.0
10474,50,16.25,10,0.25
10474,14,23.25,9,0.0
10474,29,123.79,3,0.0
10475,10,31.0,8,0.15
10475,6,25.0,13,0.0
10475,46,12.0,22,0.1
10476,48,12.75,4,0.0
10476,36,19.0,4,0.0
10476,16,17.45,2,0.05
10476,7,30.0,5,0.05
10476,30,25.89,27,0.2
10477,2,19.0,3,0.05
10478,4,22.0,27,0.2
10478,11,21.0,16,0.0
10478,37,26.0,13,0.2
10478,28,45.6,6,0.15
10479,40,18.4,20,0.05
10480,25,14.0,7,0.05
10480,9,97.0,21,0.0
10480,27,43.9,13,0.15
10481,12,38.0,20,0.05
10481,2,19.0,1,0.1
10481,21,10.0,2,0.25
10482,18,62.5,27,0.0
10482,35,18.0,25,0.05
10483,21,10.0,1,0.15
10483,48,12.75,19,0.0
10483,45,9.5,19,0.05
10483,23,9.0,27,0.25
10483,38,263.5,18,0.1
10484,2,19.0,16,0.0
10484,34,14.0,11,0.05
10485,38,263.5,30,0.0
10485,46,12.0,25,0.0
10486,38,263.5,11,0.0
10486,7,30.0,6,0.2
10486,22,21.0,26,0.25
10486,20,81.0,21,0.15
10487,25,14.0,24,0.1
10487,20,81.0,5,0.0
10488,40,18.4,19,0.0
10488,15,15.5,30,0.25
10488,41,9.65,5,0.15
10489,46,12.0,22,0.15
10490,17,39.0,1,0.0
10490,7,30.0,13,0.25
10490,47,9.5,24,0.2
10491,31,12.5,26,0.05
10492,7,30.0,6,0.2
10492,5,21.35,6,0.0
10492,22,21.0,18,0.0
10493,39,18.0,6,0.0
10493,28,45.6,4,0.15
10494,16,17.45,13,0.25
10494,7,30.0,5,0.0
10494,4,22.0,12,0.0
10495,11,21.0,10,0.0
10495,41,9.65,16,0.0
10496,6,25.0,13,0.0
10496,42,14.0,12,0.2
10496,35,18.0,12,0.0
10497,37,26.0,25,0.0
10497,4,22.0,3,0.15
10497,10,31.0,26,0.2
10498,27,43.9,29,0.05
10498,35,18.0,16,0.1
10498,44,19.45,3,0.2
10498,31,12.5,29,0.0
10498,37,26.0,17,0.0
10499,9,97.0,14,0.0
10499,3,10.0,22,0.2
10500,6,25.0,13,0.2
10501,45,9.5,20,0.2
10502,50,16.25,29,0.2
10502,7,30.0,9,0.2
10502,19,9.2,21,0.25
10502,35,18.0,19,0.25
10502,23,9.0,2,0.0
10503,45,9.5,24,0.25
10503,16,17.45,30,0.1
10503,4,22.0,29,0.15
10504,15,15.5,5,0.1
10505,42,14.0,30,0.2
10505,6,25.0,24,0.25
10505,13,6.0,25,0.15
10505,29,123.79,27,0.0
10505,14,23.25,17,0.0
10506,37,26.0,8,0.0
10506,2,19.0,15,0.0
10506,12,38.0,30,0.15
10506,13,6.0,23,0.05
10506,4,22.0,9,0.15
10507,24,4.5,20,0.25
10507,32,32.0,6,0.25
10508,48,12.75,10,0.0
10508,45,9.5,13,0.0
10508,6,25.0,6,0.05
10509,33,2.5,1,0.25
10509,2,19.0,30,0.0
10509,50,16.25,21,0.0
10509,44,19.45,20,0.0
10510,23,9.0,15,0.1
10510,30,25.89,22,0.2
10510,17,39.0,19,0.0
10510,14,23.25,1,0.15
10511,5,21.35,11,0.1
10511,22,21.0,9,0.1
10511,18,62.5,7,0.0
10511,41,9.65,17,0.05
10512,42,14.0,16,0.1
10513,13,6.0,22,0.25
10513,22,21.0,30,0.15
10513,47,9.5,17,0.1
10513,46,12.0,28,0.0
10513,15,15.5,27,0.0
10514,49,20.0,3,0.05
10514,12,38.0,12,0.05
10514,44,19.45,24,0.1
10514,22,21.0,14,0.15
10514,42,14.0,12,0.1
10515,38,263.5,17,0.0
10515,40,18.4,28,0.2
10515,5,21.35,17,0.1
10515,31,12.5,14,0.0
10515,13,6.0,28,0.0
10516,50,16.25,16,0.15
10516,6,25.0,21,0.0
10517,37,26.0,6,0.25
10517,49,20.0,26,0.0
10518,25,14.0,7,0.15
10518,1,18.0,1,0.15
10518,3,10.0,25,0.05
10518,35,18.0,1,0.0
10519,25,14.0,17,0.1
10520,39,18.0,5,0.15
10520,34,14.0,29,0.25
10520,22,21.0,12,0.05
10520,28,45.6,6,0.2
10520,44,19.45,1,0.05
10521,8,40.0,23,0.0
10521,24,4.5,13,0.1
10522,4,22.0,23,0.0
10523,14,23.25,22,0.0
10523,45,9.5,10,0.2
10524,27,43.9,17,0.0
10524,7,30.0,10,0.0
10525,13,6.0,6,0.0
10525,23,9.0,18,0.25
10525,46,12.0,30,0.05
10525,27,43.9,23,0.25
10525,19,9.2,11,0.05
10526,10,31.0,3,0.0
10526,6,25.0,29,0.1
10526,50,16.25,21,0.05
10526,33,2.5,15,0.1
10527,24,4.5,14,0.0
10527,44,19.45,4,0.0
10527,21,10.0,1,0.0
10528,18,62.5,6,0.0
10528,47,9.5,13,0.2
10528,6,25.0,15,0.1
10528,24,4.5,27,0.2
10528,22,21.0,23,0.25
10529,11,21.0,4,0.2
10530,40,18.4,29,0.0
10530,2,19.0,16,0.25
10530,44,19.45,4,0.2
10531,50,16.25,22,0.15
10531,48,12.75,17,0.0
10531,37,26.0,14,0.05
10531,47,9.5,16,0.15
10531,15,15.5,22,0.2
10532,33,2.5,28,0.25
10532,31,12.5,28,0.0
10533,4,22.0,18,0.2
10533,33,2.5,13,0.05
10533,15,15.5,3,0.25
10534,21,10.0,21,0.0
10534,8,40.0,4,0.2
10534,32,32.0,14,0.0
10534,48,12.75,18,0.0
10535,22,21.0,28,0.25
10535,24,4.5,11,0.25
10535,4,22.0,23,0.15
10535,15,15.5,23,0.25
10536,36,19.0,23,0.0
10536,34,14.0,2,0.0
10536,24,4.5,16,0.0
10537,13,6.0,30,0.2
10537,8,40.0,7,0.25
10538,41,9.65,27,0.0
10539,34,14.0,24,0.0
10540,45,9.5,6,0.0
10540,38,263.5,4,0.2
10541,39,18.0,9,0.2
10541,45,9.5,11,0.1
10541,49,20.0,15,0.0
10541,16,17.45,5,0.2
10542,21,10.0,7,0.05
10542,46,12.0,7,0.1
10542,48,12.75,22,0.15
10542,36,19.0,30,0.0
10542,41,9.65,23,0.0
10543,31,12.5,14,0.1
10543,38,263.5,29,0.2
10543,37,26.0,26,0.0
10543,43,46.0,17,0.0
10543,46,12.0,1,0.2
10544,19,9.2,9,0.0
10544,44,19.45,27,0.0
10545,7,30.0,18,0.05
10545,40,18.4,24,0.2
10545,44,19.45,8,0.1
10545,48,12.75,23,0.0
10546,13,6.0,28,0.25
10546,40,18.4,27,0.05
10546,50,16.25,30,0.15
10547,44,19.45,6,0.0
10547,5,21.35,24,0.0
10548,17,39.0,30,0.0
10548,1,18.0,2,0.0
10548,22,21.0,30,0.15
10548,30,25.89,20,0.0
10548,46,12.0,25,0.1
10549,34,14.0,17,0.0
10549,15,15.5,26,0.0
10549,12,38.0,14,0.2
10550,14,23.25,17,0.25
10550,49,20.0,18,0.0
10550,40,18.4,4,0.15
10551,25,14.0,18,0.1
10551,8,40.0,1,0.15
10551,17,39.0,17,0.25
10552,11,21.0,25,0.0
10553,35,18.0,29,0.2
10553,45,9.5,21,0.0
10554,6,25.0,3,0.0
10555,17,39.0,13,0.25
10555,27,43.9,21,0.2
10556,5,21.35,23,0.0
10556,49,20.0,12,0.0
10556,48,12.75,10,0.1
10556,38,263.5,20,0.0
10556,3,10.0,10,0.25
10557,9,97.0,13,0.1
10557,48,12.75,21,0.0
10558,10,31.0,20,0.2
10558,8,40.0,18,0.0
10558,3,10.0,10,0.05
10558,1,18.0,24,0.15
10558,37,26.0,7,0.2
10559,17,39.0,26,0.0
10559,13,6.0,28,0.25
10559,8,40.0,21,0.0
10559,12,38.0,10,0.0
10559,43,46.0,9,0.0
10560,7,30.0,20,0.0
10560,19,9.2,29,0.05
10561,37,26.0,26,0.15
10561,24,4.5,14,0.0
10562,9,97.0,11,0.25
10562,44,19.45,15,0.25
10562,47,9.5,12,0.1
10563,35,18.0,9,0.0
10563,13,6.0,24,0.0
10564,3,10.0,9,0.25
10564,36,19.0,21,0.0
10565,6,25.0,22,0.05
10565,26,31.23,28,0.0
10565,24,4.5,25,0.0
10565,33,2.5,15,0.0
10565,1,18.0,6,0.0
10566,15,15.5,8,0.0
10566,5,21.35,22,0.05
10566,17,39.0,17,0.15
10566,24,4.5,13,0.25
10567,41,9.65,18,0.0
10567,18,62.5,13,0.2
10567,48,12.75,12,0.0
10567,17,39.0,17,0.1
10567,38,263.5,13,0.05
10568,1,18.0,8,0.0
10568,33,2.5,17,0.1
10568,9,97.0,7,0.0
10568,29,123.79,6,0.0
10568,11,21.0,12,0.0
10569,31,12.5,21,0.2
10569,14,23.25,1,0.05
10569,38,263.5,2,0.0
10569,11,21.0,19,0.0
10570,12,38.0,20,0.0
10570,34,14.0,29,0.1
10570,26,31.23,3,0.05
10571,39,18.0,6,0.1
10571,10,31.0,6,0.15
10571,38,263.5,30,0.25
10571,50,16.25,20,0.0
10572,33,2.5,4,0.0
10572,44,19.45,16,0.0
10572,27,43.9,29,0.0
10572,10,31.0,3,0.25
10572,39,18.0,22,0.0
10573,45,9.5,17,0.2
10574,7,30.0,25,0.05
10574,28,45.6,30,0.0
10574,9,97.0,10,0.2
10574,17,39.0,9,0.05
10574,31,12.5,1,0.0
10575,45,9.5,14,0.15
10575,21,10.0,4,0.0
10576,37,26.0,22,0.2
10576,24,4.5,25,0.05
10576,40,18.4,14,0.25
10576,18,62.5,6,0.15
10577,48,12.75,24,0.05
10577,9,97.0,15,0.0
10577,43,46.0,4,0.05
10577,8,40.0,17,0.2
10578,6,25.0,27,0.0
10579,6,25.0,24,0.2
10579,39,18.0,30,0.2
10579,3,10.0,20,0.1
10580,43,46.0,10,0.05
10580,34,14.0,2,0.05
10581,11,21.0,3,0.1
10582,1,18.0,18,0.1
10582,48,12.75,24,0.15
10582,46,12.0,12,0.1
10582,5,21.35,8,0.05
10582,6,25.0,15,0.2
10583,5,21.35,26,0.1
10583,33,2.5,29,0.1
10583,19,9.2,23,0.25
10583,22,21.0,13,0.25
10583,8,40.0,25,0.05
10584,31,12.5,4,0.1
10585,23,9.0,23,0.1
10585,34,14.0,8,0.1
10585,35,18.0,3,0.2
10585,1,18.0,22,0.15
10586,18,62.5,16,0.05
10586,12,38.0,8,0.05
10586,48,12.75,28,0.1
10586,44,19.45,7,0.05
10586,13,6.0,7,0.05
10587,44,19.45,22,0.25
10588,40,18.4,29,0.1
10588,21,10.0,16,0.0
10588,32,32.0,25,0.1
10589,31,12.5,12,0.2
10589,35,18.0,28,0.0
10589,3,10.0,15,0.0
10589,33,2.5,23,0.25
10590,21,10.0,12,0.1
10591,22,21.0,7,0.2
10591,24,4.5,23,0.15
10591,12,38.0,12,0.2
10591,32,32.0,9,0.25
10591,28,45.6,6,0.0
10592,28,45.6,5,0.25
10592,25,14.0,26,0.0
10592,13,6.0,6,0.2
10592,10,31.0,16,0.0
10592,48,12.75,29,0.15
10593,4,22.0,27,0.1
10593,14,23.25,16,0.0
10594,17,39.0,12,0.05
10594,23,9.0,19,0.0
10594,2,19.0,25,0.1
10594,27,43.9,12,0.15
10594,8,40.0,22,0.25
10595,41,9.65,14,0.2
10595,10,31.0,28,0.0
10595,11,21.0,3,0.0
10595,22,21.0,11,0.05
10596,18,62.5,24,0.25
10596,29,123.79,14,0.0
10596,50,16.25,6,0.0
10596,24,4.5,5,0.05
10597,7,30.0,3,0.25
10598,7,30.0,9,0.0
10599,29,123.79,5,0.0
10599,41,9.65,1,0.0
10599,9,97.0,22,0.15
10600,45,9.5,6,0.25
10600,35,18.0,21,0.2
10601,35,18.0,10,0.15
10601,15,15.5,14,0.1
10601,6,25.0,5,0.1
10601,29,123.79,1,0.0
10602,1,18.0,10,0.0
10602,45,9.5,25,0.2
10602,32,32.0,26,0.1
10602,49,20.0,20,0.05
10602,31,12.5,26,0.0
10603,46,12.0,21,0.2
10603,48,12.75,27,0.2
10604,45,9.5,24,0.1
10604,44,19.45,14,0.05
10604,18,62.5,28,0.0
10604,19,9.2,6,0.0
10604,42,14.0,10,0.0
10605,13,6.0,2,0.0
10605,21,10.0,6,0.0
10605,2,19.0,10,0.1
10605,10,31.0,5,0.25
10606,22,21.0,10,0.25
10606,27,43.9,12,0.25
10607,4,22.0,25,0.2
10607,18,62.5,3,0.25
10608,25,14.0,15,0.05
10608,50,16.25,24,0.0
10609,31,12.5,22,0.1
10609,25,14.0,30,0.15
10610,41,9.65,29,0.0
10610,20,81.0,28,0.05
10610,13,6.0,4,0.05
10610,24,4.5,21,0.2
10611,1,18.0,19,0.25
10611,3,10.0,23,0.0
10612,22,21.0,21,0.0
10612,49,20.0,23,0.0
10612,41,9.65,5,0.25
10612,4,22.0,8,0.15
10612,23,9.0,18,0.15
10613,47,9.5,29,0.0
10613,9,97.0,16,0.25
10613,17,39.0,18,0.1
10614,47,9.5,28,0.0
10614,30,25.89,3,0.0
10614,18,62.5,15,0.1
10615,25,14.0,28,0.15
10615,47,9.5,25,0.05
10615,12,38.0,11,0.0
10615,2,19.0,22,0.2
10615,40,18.4,7,0.25
10616,8,40.0,22,0.0
10616,7,30.0,2,0.0
10616,34,14.0,6,0.0
10617,43,46.0,23,0.1
10617,32,32.0,2,0.15
10617,34,14.0,8,0.0
10617,40,18.4,1,0.05
10618,24,4.5,9,0.0
10618,46,12.0,24,0.0
10618,4,22.0,27,0.1
10618,40,18.4,3,0.05
10619,43,46.0,18,0.2
10619,16,17.45,24,0.0
10619,37,26.0,25,0.15
10619,41,9.65,22,0.25
10619,12,38.0,23,0.2
10620,35,18.0,15,0.15
10620,39,18.0,29,0.15
10621,39,18.0,18,0.05
10621,16,17.45,13,0.1
10621,37,26.0,12,0.25
10622,9,97.0,28,0.15
10622,20,81.0,1,0.1
10622,1,18.0,30,0.0
10622,15,15.5,4,0.0
10622,14,23.25,15,0.15
10623,6,25.0,19,0.05
10623,37,26.0,24,0.0
10623,26,31.23,24,0.15
10624,3,10.0,13,0.0
10624,47,9.5,25,0.0
10624,37,26.0,30,0.15
10625,48,12.75,28,0.0
10625,42,14.0,21,0.2
10626,21,10.0,23,0.05
10626,33,2.5,5,0.0
10627,19,9.2,11,0.0
10627,26,31.23,16,0.0
10627,10,31.0,18,0.2
10627,9,97.0,9,0.0
10628,32,32.0,21,0.05
10628,26,31.23,18,0.05
10629,6,25.0,12,0.15
10629,8,40.0,7,0.15
10629,43,46.0,12,0.0
10629,27,43.9,25,0.1
10629,28,45.6,6,0.15
10630,13,6.0,12,0.0
10630,44,19.45,25,0.0
10631,1,18.0,26,0.0
10631,22,21.0,10,0.25
10631,45,9.5,16,0.0
10632,49,20.0,24,0.0
10632,17,39.0,23,0.0
10632,36,19.0,13,0.0
10632,31,12.5,9,0.0
10632,40,18.4,2,0.1
10633,5,21.35,13,0.1
10634,15,15.5,4,0.15
10634,25,14.0,16,0.0
10634,33,2.5,6,0.05
10634,46,12.0,17,0.25
10635,22,21.0,24,0.0
10635,32,32.0,1,0.15
10635,26,31.23,22,0.15
10636,41,9.65,9,0.2
10637,43,46.0,13,0.05
10637,9,97.0,14,0.05
10637,6,25.0,19,0.0
10637,47,9.5,14,0.1
10638,38,263.5,22,0.05
10638,35,18.0,28,0.0
10639,42,14.0,30,0.0
10639,37,26.0,11,0.0
10640,47,9.5,25,0.15
10640,2,19.0,29,0.2
10641,9,97.0,6,0.0
10642,44,19.45,12,0.0
10642,2,19.0,23,0.25
10643,32,32.0,7,0.05
10643,31,12.5,2,0.2
10643,9,97.0,25,0.0
10643,11,21.0,30,0.1
10644,40,18.4,28,0.25
10644,32,32.0,29,0.05
10644,45,9.5,14,0.2
10644,21,10.0,25,0.0
10645,39,18.0,26,0.0
10645,35,18.0,17,0.0
10645,34,14.0,15,0.25
10645,42,14.0,27,0.0
10645,46,12.0,29,0.05
10646,13,6.0,10,0.25
10647,40,18.4,17,0.0
10647,4,22.0,15,0.25
10647,45,9.5,3,0.0
10648,29,123.79,15,0.05
10648,2,19.0,29,0.25
10648,12,38.0,3,0.1
10649,41,9.65,23,0.2
10649,24,4.5,24,0.0
10649,6,25.0,13,0.2
10649,34,14.0,2,0.0
10650,50,16.25,2,0.2
10650,46,12.0,10,0.1
10651,13,6.0,20,0.1
10651,1,18.0,1,0.25
10652,16,17.45,16,0.25
10652,14,23.25,14,0.25
10652,38,263.5,3,0.0
10652,43,46.0,8,0.1
10653,42,14.0,12,0.0
10654,7,30.0,14,0.0
10655,24,4.5,11,0.15
10655,3,10.0,29,0.2
10655,6,25.0,27,0.0
10655,50,16.25,25,0.2
10655,20,81.0,27,0.0
10656,34,14.0,2,0.0
10656,14,23.25,19,0.0
10656,45,9.5,16,0.1
10656,40,18.4,14,0.15
10657,34,14.0,16,0.0
10657,47,9.5,29,0.05
10657,41,9.65,23,0.1
10657,32,32.0,7,0.0
10658,27,43.9,18,0.05
10658,3,10.0,1,0.05
10658,22,21.0,23,0.1
10658,23,9.0,9,0.0
10659,44,19.45,11,0.15
10660,44,19.45,21,0.0
10660,31,12.5,16,0.0
10660,3,10.0,21,0.25
10661,34,14.0,10,0.15
10662,5,21.35,27,0.0
10662,10,31.0,11,0.2
10662,18,62.5,21,0.0
10663,46,12.0,9,0.2
10663,21,10.0,3,0.25
10663,3,10.0,29,0.05
10664,24,4.5,26,0.0
10665,33,2.5,30,0.25
10665,10,31.0,24,0.1
10665,13,6.0,25,0.15
10665,22,21.0,5,0.0
10666,25,14.0,1,0.1
10666,46,12.0,30,0.0
10666,34,14.0,22,0.0
10666,8,40.0,11,0.25
10667,41,9.65,7,0.05
10667,14,23.25,10,0.1
10667,21,10.0,18,0.15
10668,8,40.0,18,0.0
10668,1,18.0,7,0.15
10668,40,18.4,18,0.15
10669,40,18.4,15,0.0
10669,22,21.0,5,0.0
10669,35,18.0,16,0.0
10670,38,263.5,12,0.1
10670,41,9.65,11,0.05
10670,45,9.5,23,0.0
10670,29,123.79,30,0.25
10670,40,18.4,19,0.0
10671,31,12.5,9,0.15
10671,15,15.5,13,0.0
10671,10,31.0,23,0.15
10671,40,18.4,26,0.15
10672,30,25.89,12,0.0
10672,11,21.0,17,0.0
10672,19,9.2,13,0.0
10672,50,16.25,11,0.0
10673,40,18.4,18,0.0
10673,16,17.45,16,0.2
10674,35,18.0,6,0.0
10674,45,9.5,24,0.25
10674,16,17.45,4,0.25
10675,5,21.35,27,0.2
10675,39,18.0,11,0.25
10675,7,30.0,21,0.0
10675,44,19.45,3,0.05
10676,35,18.0,19,0.25
10676,19,9.2,7,0.05
10676,25,14.0,22,0.15
10676,40,18.4,10,0.1
10677,26,31.23,29,0.0
10677,9,97.0,1,0.15
10677,19,9.2,4,0.1
10677,4,22.0,28,0.0
10677,24,4.5,8,0.2
10678,35,18.0,16,0.0
10678,14,23.25,7,0.2
10678,43,46.0,27,0.15
10678,12,38.0,27,0.2
10679,10,31.0,24,0.25
10680,30,25.89,20,0.0
10680,45,9.5,15,0.2
10680,39,18.0,18,0.25
10680,28,45.6,13,0.15
10681,46,12.0,9,0.2
10681,33,2.5,30,0.15
10682,45,9.5,24,0.1
10682,6,25.0,15,0.0
10682,10,31.0,17,0.0
10682,47,9.5,8,0.25
10683,35,18.0,16,0.25
10683,50,16.25,17,0.25
10683,1,18.0,19,0.15
10684,48,12.75,2,0.25
10684,20,81.0,19,0.0
10684,47,9.5,19,0.0
10684,37,26.0,22,0.1
10684,17,39.0,26,0.0
10685,17,39.0,9,0.1
10685,9,97.0,28,0.1
10685,40,18.4,1,0.0
10686,17,39.0,8,0.25
10686,45,9.5,6,0.0
10687,50,16.25,15,0.0
10687,25,14.0,7,0.15
10687,16,17.45,2,0.1
10687,43,46.0,25,0.0
10688,15,15.5,9,0.0
10688,25,14.0,17,0.2
10688,44,19.45,1,0.1
10688,46,12.0,30,0.25
10688,31,12.5,13,0.15
10689,40,18.4,9,0.1
10689,42,14.0,26,0.0
10689,18,62.5,9,0.2
10689,22,21.0,15,0.05
10690,21,10.0,1,0.0
10690,36,19.0,27,0.0
10691,15,15.5,9,0.05
10691,47,9.5,2,0.0
10691,19,9.2,20,0.0
10692,6,25.0,28,0.0
10693,19,9.2,30,0.0
10693,30,25.89,21,0.25
10693,43,46.0,30,0.1
10694,18,62.5,25,0.0
10695,12,38.0,16,0.05
10695,29,123.79,20,0.2
10695,5,21.35,6,0.25
10696,29,123.79,23,0.1
10697,32,32.0,5,0.0
10698,37,26.0,25,0.25
10698,1,18.0,16,0.2
10698,33,2.5,13,0.0
10698,46,12.0,18,0.05
10699,22,21.0,13,0.0
10699,44,19.45,21,0.0
10699,20,81.0,12,0.15
10700,25,14.0,22,0.05
10701,48,12.75,7,0.0
10701,13,6.0,24,0.05
10701,9,97.0,16,0.2
10701,3,10.0,3,0.1
10702,47,9.5,4,0.05
10702,3,10.0,26,0.25
10702,26,31.23,22,0.0
10703,42,14.0,2,0.05
10703,2,19.0,23,0.0
10703,31,12.5,1,0.0
10703,40,18.4,21,0.0
10704,7,30.0,4,0.25
10705,22,21.0,11,0.0
10705,48,12.75,22,0.0
10705,44,19.45,11,0.05
10705,26,31.23,25,0.0
10706,11,21.0,6,0.25
10706,45,9.5,8,0.0
10706,24,4.5,5,0.0
10706,36,19.0,26,0.2
10707,6,25.0,21,0.1
10707,46,12.0,14,0.25
10708,16,17.45,2,0.0
10708,12,38.0,23,0.25
10708,40,18.4,20,0.0
10708,45,9.5,21,0.1
10709,7,30.0,17,0.05
10709,40,18.4,15,0.05
10709,24,4.5,9,0.0
10709,49,20.0,7,0.0
10709,35,18.0,26,0.0
10710,4,22.0,21,0.15
10711,3,10.0,30,0.0
10711,7,30.0,6,0.0
10711,48,12.75,16,0.0
10711,4,22.0,3,0.05
10712,15,15.5,11,0.05
10712,50,16.25,4,0.05
10712,8,40.0,24,0.2
10713,4,22.0,30,0.25
10713,28,45.6,6,0.2
10713,10,31.0,12,0.0
10713,14,23.25,15,0.05
10714,4,22.0,15,0.2
10714,18,62.5,6,0.15
10714,9,97.0,8,0.1
10714,8,40.0,20,0.0
10714,30,25.89,26,0.0
10715,14,23.25,9,0.0
10715,38,263.5,24,0.2
10715,31,12.5,24,0.05
10715,30,25.89,8,0.15
10716,3,10.0,16,0.0
10717,6,25.0,25,0.0
10717,36,19.0,23,0.2
10718,2,19.0,16,0.1
10719,46,12.0,6,0.15
10719,26,31.23,21,0.25
10720,34,14.0,14,0.1
10720,3,10.0,23,0.05
10720,19,9.2,26,0.0
10721,4,22.0,12,0.25
10721,8,40.0,20,0.0
10721,25,14.0,12,0.15
10722,16,17.45,21,0.25
10722,35,18.0,24,0.05
10722,8,40.0,25,0.05
10723,24,4.5,12,0.25
10724,19,9.2,23,0.0
10724,29,123.79,7,0.25
10724,40,18.4,3,0.0
10724,24,4.5,13,0.0
10724,44,19.45,10,0.0
10725,34,14.0,1,0.1
10725,41,9.65,14,0.0
10726,2,19.0,28,0.05
10727,32,32.0,23,0.25
10727,38,263.5,15,0.1
10727,43,46.0,19,0.0
10728,50,16.25,12,0.1
10728,4,22.0,15,0.0
10728,10,31.0,20,0.0
10729,11,21.0,4,0.0
10729,16,17.45,11,0.0
10730,43,46.0,11,0.15
10731,2,19.0,13,0.25
10732,33,2.5,16,0.1
10732,22,21.0,25,0.0
10732,42,14.0,26,0.25
10732,46,12.0,11,0.0
10732,19,9.2,24,0.25
10733,40,18.4,3,0.15
10733,15,15.5,2,0.05
10733,29,123.79,19,0.05
10733,23,9.0,26,0.1
10734,33,2.5,13,0.05
10735,26,31.23,28,0.2
10735,10,31.0,12,0.2
10735,46,12.0,12,0.0
10736,14,23.25,24,0.25
10737,47,9.5,20,0.0
10737,27,43.9,5,0.05
10737,9,97.0,10,0.25
10737,38,263.5,28,0.15
10738,27,43.9,15,0.0
10738,12,38.0,7,0.0
10738,36,19.0,27,0.2
10739,32,32.0,15,0.05
10739,36,19.0,1,0.0
10739,48,12.75,5,0.1
10740,27,43.9,30,0.05
10740,12,38.0,1,0.0
10740,32,32.0,25,0.1
10741,41,9.65,23,0.0
10741,44,19.45,12,0.0
10741,31,12.5,28,0.1
10742,23,9.0,2,0.1
10742,11,21.0,12,0.2
10743,33,2.5,7,0.0
10744,18,62.5,23,0.15
10744,44,19.45,4,0.15
10744,45,9.5,27,0.0
10745,22,21.0,5,0.05
10745,11,21.0,27,0.05
10745,7,30.0,26,0.0
10745,14,23.25,14,0.25
10746,9,97.0,17,0.15
10746,29,123.79,6,0.1
10746,39,18.0,1,0.0
10747,9,97.0,14,0.0
10747,6,25.0,3,0.0
10748,43,46.0,17,0.0
10749,49,20.0,4,0.0
10750,6,25.0,5,0.1
10751,16,17.45,27,0.0
10751,33,2.5,17,0.05
10751,37,26.0,23,0.05
10751,5,21.35,10,0.0
10751,7,30.0,29,0.0
10752,12,38.0,13,0.2
10752,29,123.79,7,0.05
10752,44,19.45,14,0.0
10752,7,30.0,25,0.15
10752,23,9.0,4,0.25
10753,47,9.5,4,0.2
10753,3,10.0,10,0.25
10753,6,25.0,20,0.1
10753,21,10.0,22,0.25
10753,32,32.0,8,0.2
10754,44,19.45,22,0.25
10754,24,4.5,22,0.0
10754,12,38.0,13,0.25
10754,1,18.0,17,0.0
10755,5,21.35,7,0.15
10755,24,4.5,7,0.2
10756,38,263.5,12,0.25
10756,18,62.5,22,0.2
10756,49,20.0,16,0.1
10756,42,14.0,5,0.25
10756,26,31.23,4,0.0
10757,5,21.35,16,0.0
10758,7,30.0,25,0.25
10758,49,20.0,26,0.25
10758,5,21.35,7,0.1
10758,43,46.0,22,0.25
10758,34,14.0,16,0.1
10759,28,45.6,29,0.0
10760,12,38.0,18,0.1
10761,32,32.0,22,0.25
10761,49,20.0,22,0.25
10761,8,40.0,16,0.0
10761,37,26.0,17,0.0
10762,21,10.0,19,0.0
10762,4,22.0,5,0.15
10762,2,19.0,12,0.0
10763,27,43.9,22,0.05
10763,23,9.0,8,0.05
10763,4,22.0,21,0.1
10764,2,19.0,11,0.0
10764,35,18.0,15,0.2
10765,2,19.0,26,0.25
10765,21,10.0,4,0.05
10765,25,14.0,11,0.25
10765,37,26.0,17,0.15
10765,7,30.0,6,0.1
10766,14,23.25,19,0.2
10766,19,9.2,26,0.05
10766,17,39.0,20,0.0
10766,4,22.0,23,0.0
10766,20,81.0,19,0.15
10767,5,21.35,17,0.1
10767,42,14.0,14,0.15
10767,20,81.0,7,0.2
10768,12,38.0,28,0.0
10768,2,19.0,19,0.25
10768,41,9.65,7,0.25
10768,46,12.0,9,0.2
10768,34,14.0,30,0.0
10769,28,45.6,28,0.0
10769,27,43.9,21,0.05
10769,21,10.0,28,0.2
10770,26,31.23,4,0.0
10770,16,17.45,7,0.0
10771,28,45.6,6,0.1
10771,42,14.0,5,0.0
10771,3,10.0,9,0.1
10771,13,6.0,22,0.0
10772,21,10.0,20,0.1
10773,16,17.45,19,0.0
10773,8,40.0,17,0.1
10774,48,12.75,5,0.0
10774,25,14.0,6,0.05
10774,16,17.45,9,0.25
10774,28,45.6,14,0.1
10774,14,23.25,28,0.0
10775,44,19.45,12,0.25
10775,16,17.45,23,0.15
10775,18,62.5,27,0.1
10775,10,31.0,1,0.0
10776,20,81.0,29,0.0
10776,41,9.65,18,0.05
10776,45,9.5,28,0.25
10776,24,4.5,13,0.0
10777,29,123.79,11,0.2
10777,41,9.65,26,0.0
10778,46,12.0,27,0.0
10778,28,45.6,23,0.1
10778,7,30.0,17,0.0
10779,49,20.0,2,0.0
10780,21,10.0,4,0.0
10780,37,26.0,8,0.0
10780,6,25.0,28,0.2
10781,21,10.0,12,0.0
10781,19,9.2,13,0.2
10781,13,6.0,27,0.05
10781,6,25.0,1,0.0
10781,27,43.9,30,0.05
10782,28,45.6,12,0.0
10782,39,18.0,19,0.0
10782,17,39.0,1,0.2
10782,10,31.0,25,0.25
10782,6,25.0,27,0.25
10783,19,9.2,13,0.0
10783,48,12.75,14,0.05
10783,32,32.0,20,0.05
10784,2,19.0,9,0.05
10784,19,9.2,20,0.25
10785,21,10.0,13,0.05
10785,45,9.5,23,0.2
10786,4,22.0,11,0.05
10787,25,14.0,5,0.0
10787,20,81.0,19,0.0
10787,26,31.23,9,0.0
10787,43,46.0,17,0.25
10787,24,4.5,30,0.15
10788,10,31.0,2,0.0
10788,17,39.0,16,0.1
10788,8,40.0,24,0.15
10788,21,10.0,30,0.2
10789,21,10.0,16,0.0
10789,48,12.75,18,0.25
10790,17,39.0,14,0.0
10790,11,21.0,29,0.25
10790,46,12.0,2,0.25
10790,30,25.89,12,0.25
10791,19,9.2,27,0.0
10791,12,38.0,24,0.1
10792,12,38.0,16,0.0
10792,27,43.9,29,0.15
10792,5,21.35,1,0.1
10792,16,17.45,22,0.0
10792,50,16.25,13,0.15
10793,30,25.89,22,0.0
10793,41,9.65,11,0.0
10793,18,62.5,21,0.25
10793,39,18.0,11,0.0
10794,36,19.0,20,0.2
10795,6,25.0,13,0.2
10795,2,19.0,10,0.0
10795,14,23.25,4,0.1
10795,11,21.0,16,0.2
10796,33,2.5,15,0.2
10796,13,6.0,16,0.1
10796,32,32.0,19,0.2
10797,6,25.0,15,0.05
10797,3,10.0,21,0.0
10797,33,2.5,30,0.25
10797,22,21.0,17,0.0
10798,44,19.45,27,0.05
10798,20,81.0,17,0.2
10799,7,30.0,22,0.1
10799,33,2.5,12,0.1
10799,28,45.6,19,0.0
10799,27,43.9,25,0.0
10799,30,25.89,4,0.25
10800,21,10.0,15,0.25
10800,38,263.5,20,0.1
10800,47,9.5,11,0.0
10801,1,18.0,13,0.0
10802,47,9.5,23,0.2
10802,32,32.0,26,0.1
10802,20,81.0,3,0.0
10802,40,18.4,5,0.0
10802,24,4.5,7,0.0
10803,42,14.0,14,0.05
10803,16,17.45,3,0.1
10804,10,31.0,23,0.25
10804,48,12.75,16,0.25
10805,4,22.0,21,0.2
10805,22,21.0,14,0.25
10805,1,18.0,24,0.1
10805,7,30.0,2,0.25
10806,2,19.0,3,0.1
10806,28,45.6,29,0.2
10806,37,26.0,29,0.25
10806,21,10.0,4,0.25
10806,36,19.0,20,0.15
10807,31,12.5,15,0.05
10807,23,9.0,17,0.05
10808,27,43.9,12,0.25
10808,44,19.45,26,0.0
10808,42,14.0,20,0.05
10808,48,12.75,10,0.0
10809,7,30.0,8,0.05
10809,27,43.9,18,0.0
10809,32,32.0,1,0.15
10809,20,81.0,29,0.1
10810,22,21.0,14,0.0
10811,23,9.0,25,0.1
10811,50,16.25,29,0.0
10811,3,10.0,28,0.0
10812,40,18.4,4,0.0
10812,7,30.0,21,0.0
10812,36,19.0,28,0.05
10812,3,10.0,30,0.15
10812,33,2.5,6,0.1
10813,10,31.0,21,0.15
10814,50,16.25,11,0.1
10814,1,18.0,17,0.0
10814,16,17.45,3,0.1
10814,31,12.5,12,0.2
10815,27,43.9,28,0.15
10815,15,15.5,1,0.25
10815,9,97.0,5,0.0
10815,28,45.6,23,0.0
10815,30,25.89,3,0.15
10816,43,46.0,30,0.0
10817,20,81.0,1,0.1
10817,47,9.5,29,0.0
10817,48,12.75,23,0.2
10817,21,10.0,15,0.05
10817,23,9.0,29,0.25
10818,3,10.0,18,0.15
10819,14,23.25,18,0.1
10819,6,25.0,17,0.15
10819,33,2.5,25,0.0
10820,47,9.5,4,0.0
10820,28,45.6,27,0.15
10820,33,2.5,9,0.15
10821,30,25.89,11,0.05
10822,43,46.0,22,0.0
10822,46,12.0,23,0.2
10822,37,26.0,17,0.05
10823,46,12.0,27,0.2
10823,28,45.6,3,0.0
10824,44,19.45,19,0.2
10824,34,14.0,28,0.1
10824,26,31.23,19,0.25
10825,33,2.5,16,0.25
10825,9,97.0,5,0.0
10826,24,4.5,10,0.0
10826,8,40.0,17,0.0
10826,39,18.0,4,0.15
10826,27,43.9,10,0.15
10826,37,26.0,10,0.1
10827,19,9.2,27,0.25
10827,14,23.25,1,0.0
10827,12,38.0,18,0.15
10828,29,123.79,27,0.0
10828,22,21.0,25,0.0
10828,25,14.0,17,0.25
10828,31,12.5,25,0.25
10828,47,9.5,22,0.25
10829,27,43.9,18,0.0
10829,25,14.0,22,0.25
10829,15,15.5,24,0.1
10829,26,31.23,21,0.0
10829,22,21.0,28,0.0
10830,13,6.0,20,0.0
10831,43,46.0,30,0.0
10832,39,18.0,16,0.0
10832,21,10.0,11,0.2
10832,26,31.23,6,0.2
10832,38,263.5,1,0.15
10832,3,10.0,13,0.1
10833,17,39.0,3,0.0
10833,50,16.25,10,0.2
10834,20,81.0,13,0.0
10835,4,22.0,7,0.05
10836,25,14.0,15,0.2
10836,8,40.0,3,0.25
10836,18,62.5,1,0.2
10836,4,22.0,21,0.05
10836,21,10.0,30,0.0
10837,20,81.0,14,0.25
10837,37,26.0,3,0.05
10838,28,45.6,27,0.25
10838,36,19.0,27,0.1
10838,29,123.79,21,0.0
10838,3,10.0,1,0.0
10838,1,18.0,30,0.25
10839,38,263.5,10,0.0
10839,33,2.5,6,0.0
10840,28,45.6,17,0.15
10840,14,23.25,29,0.15
10840,40,18.4,21,0.1
10841,22,21.0,20,0.15
10841,14,23.25,1,0.0
10841,30,25.89,21,0.0
10842,49,20.0,26,0.0
10842,26,31.23,18,0.0
10842,35,18.0,29,0.25
10842,6,25.0,22,0.0
10843,8,40.0,15,0.15
10844,13,6.0,21,0.1
10844,6,25.0,26,0.05
10844,40,18.4,8,0.25
10845,8,40.0,16,0.0
10845,18,62.5,18,0.05
10845,37,26.0,22,0.0
10845,33,2.5,3,0.0
10846,13,6.0,23,0.1
10846,44,19.45,22,0.25
10846,2,19.0,1,0.2
10847,18,62.5,15,0.25
10847,8,40.0,12,0.0
10847,44,19.45,29,0.05
10847,34,14.0,2,0.1
10848,6,25.0,24,0.05
10848,37,26.0,23,0.2
10848,2,19.0,3,0.05
10849,2,19.0,16,0.2
10850,16,17.45,26,0.05
10850,22,21.0,3,0.25
10850,4,22.0,25,0.0
10850,34,14.0,21,0.25
10851,9,97.0,2,0.25
10852,36,19.0,2,0.1
10853,43,46.0,15,0.2
10853,40,18.4,29,0.0
10853,1,18.0,11,0.0
10853,30,25.89,15,0.15
10853,25,14.0,19,0.05
10854,41,9.65,9,0.15
10854,33,2.5,14,0.25
10855,4,22.0,5,0.1
10856,50,16.25,11,0.1
10856,10,31.0,12,0.0
10856,31,12.5,17,0.0
10856,20,81.0,2,0.05
10856,39,18.0,17,0.0
10857,13,6.0,23,0.25
10857,43,46.0,20,0.15
10857,31,12.5,28,0.15
10858,32,32.0,8,0.0
10859,31,12.5,25,0.15
10859,48,12.75,26,0.2
10860,2,19.0,5,0.1
10860,36,19.0,15,0.05
10860,8,40.0,21,0.15
10861,47,9.5,28,0.05
10861,12,38.0,6,0.05
10861,22,21.0,1,0.0
10862,22,21.0,30,0.05
10863,40,18.4,5,0.0
10863,28,45.6,26,0.05
10863,46,12.0,7,0.2
10863,5,21.35,23,0.15
10863,8,40.0,11,0.2
10864,16,17.45,26,0.1
10864,4,22.0,28,0.0
10864,41,9.65,28,0.25
10865,49,20.0,16,0.25
10865,42,14.0,6,0.15
10865,33,2.5,23,0.15
10865,24,4.5,17,0.25
10866,42,14.0,15,0.05
10866,3,10.0,13,0.05
10866,14,23.25,10,0.2
10866,15,15.5,29,0.2
10866,13,6.0,19,0.0
10867,19,9.2,15,0.15
10868,29,123.79,12,0.25
10868,30,25.89,11,0.1
10868,28,45.6,13,0.0
10868,27,43.9,6,0.25
10869,33,2.5,3,0.1
10869,35,18.0,30,0.05
10869,42,14.0,4,0.0
10870,17,39.0,27,0.1
10870,20,81.0,7,0.0
10870,48,12.75,28,0.1
10871,26,31.23,1,0.25
10871,38,263.5,21,0.0
10871,49,20.0,28,0.2
10871,42,14.0,8,0.05
10872,49,20.0,11,0.05
10872,30,25.89,14,0.2
10872,47,9.5,7,0.25
10872,22,21.0,15,0.0
10872,6,25.0,12,0.0
10873,22,21.0,14,0.2
10873,15,15.5,25,0.1
10873,27,43.9,11,0.0
10874,37,26.0,30,0.2
10874,41,9.65,13,0.05
10874,39,18.0,13,0.0
10875,41,9.65,4,0.0
10875,20,81.0,2,0.25
10875,6,25.0,1,0.0
10875,11,21.0,7,0.0
10876,30,25.89,2,0.15
10877,9,97.0,18,0.2
10878,20,81.0,27,0.25
10878,28,45.6,6,0.1
10879,29,123.79,27,0.2
10879,5,21.35,20,0.05
10880,48,12.75,3,0.1
10881,27,43.9,6,0.2
10881,16,17.45,15,0.2
10882,16,17.45,29,0.0
10883,32,32.0,25,0.0
10883,27,43.9,12,0.0
10884,14,23.25,15,0.0
10884,33,2.5,3,0.25
10884,3,10.0,13,0.15
10885,46,12.0,30,0.0
10886,36,19.0,22,0.05
10887,2,19.0,4,0.0
10887,39,18.0,10,0.0
10888,44,19.45,9,0.0
10889,14,23.25,26,0.0
10889,29,123.79,13,0.1
10889,45,9.5,15,0.0
10889,4,22.0,20,0.0
10889,41,9.65,2,0.2
10890,27,43.9,1,0.0
10891,43,46.0,6,0.0
10892,40,18.4,30,0.2
10892,14,23.25,14,0.0
10893,42,14.0,7,0.25
10893,21,10.0,8,0.0
10893,1,18.0,22,0.1
10893,25,14.0,21,0.15
10894,7,30.0,6,0.1
10894,46,12.0,4,0.15
10894,35,18.0,21,0.2
10894,37,26.0,22,0.0
10895,39,18.0,30,0.25
10896,15,15.5,1,0.0
10897,9,97.0,12,0.25
10898,47,9.5,15,0.15
10898,39,18.0,5,0.1
10899,42,14.0,8,0.15
10899,19,9.2,11,0.05
10899,49,20.0,7,0.0
10899,2,19.0,30,0.05
10900,29,123.79,1,0.0
10900,41,9.65,28,0.25
10901,38,263.5,27,0.05
10901,36,19.0,8,0.0
10902,28,45.6,20,0.05
10902,12,38.0,10,0.1
10903,6,25.0,6,0.25
10903,24,4.5,15,0.2
10903,26,31.23,17,0.2
10903,25,14.0,25,0.0
10904,49,20.0,30,0.1
10905,20,81.0,18,0.25
10905,30,25.89,3,0.15
10905,19,9.2,5,0.25
10905,25,14.0,7,0.0
10906,26,31.23,16,0.1
10906,48,12.75,21,0.0
10906,24,4.5,14,0.0
10906,25,14.0,30,0.0
10907,33,2.5,21,0.15
10907,46,12.0,23,0.0
10907,32,32.0,21,0.2
10908,41,9.65,1,0.0
10908,46,12.0,9,0.25
10908,44,19.45,22,0.0
10909,42,14.0,23,0.2
10910,11,21.0,10,0.2
10910,28,45.6,19,0.1
10910,17,39.0,24,0.2
10910,45,9.5,25,0.0
10911,48,12.75,23,0.1
10911,26,31.23,1,0.0
10912,34,14.0,24,0.2
10912,27,43.9,6,0.0
10912,42,14.0,12,0.0
10912,19,9.2,23,0.0
10913,12,38.0,2,0.0
10913,13,6.0,26,0.05
10914,6,25.0,3,0.2
10914,19,9.2,4,0.1
10915,1,18.0,2,0.1
10916,25,14.0,20,0.1
10917,21,10.0,22,0.2
10917,16,17.45,13,0.0
10917,24,4.5,12,0.15
10918,2,19.0,4,0.1
10918,39,18.0,23,0.05
10919,1,18.0,27,0.15
10919,41,9.65,1,0.15
10920,26,31.23,12,0.2
10920,48,12.75,30,0.25
10920,40,18.4,22,0.0
10920,6,25.0,24,0.2
10921,3,10.0,27,0.25
10921,9,97.0,6,0.25
10921,32,32.0,4,0.25
10921,6,25.0,22,0.05
10921,20,81.0,8,0.05
10922,11,21.0,30,0.15
10923,43,46.0,5,0.25
10924,5,21.35,24,0.2
10924,42,14.0,21,0.2
10924,22,21.0,26,0.05
10924,25,14.0,8,0.1
10924,46,12.0,4,0.1
10925,37,26.0,12,0.0
10926,13,6.0,12,0.0
10926,25,14.0,17,0.05
10926,28,45.6,4,0.2
10926,21,10.0,1,0.25
10926,50,16.25,11,0.0
10927,10,31.0,28,0.0
10927,48,12.75,20,0.15
10927,43,46.0,10,0.0
10928,4,22.0,7,0.05
10928,22,21.0,23,0.0
10928,10,31.0,30,0.0
10928,46,12.0,28,0.25
10929,28,45.6,12,0.2
10929,44,19.45,13,0.0
10929,31,12.5,17,0.1
10930,49,20.0,28,0.1
10930,38,263.5,15,0.0
10930,4,22.0,19,0.0
10931,48,12.75,1,0.15
10931,42,14.0,24,0.0
10932,4,22.0,12,0.25
10932,7,30.0,6,0.0
10933,16,17.45,16,0.1
10933,3,10.0,23,0.0
10933,8,40.0,21,0.2
10933,26,31.23,25,0.0
10934,24,4.5,4,0.25
10934,1,18.0,21,0.05
10934,8,40.0,1,0.25
10934,6,25.0,9,0.0
10935,20,81.0,11,0.0
10935,37,26.0,23,0.0
10935,9,97.0,13,0.0
10935,7,30.0,13,0.25
10936,43,46.0,6,0.0
10936,8,40.0,1,0.25
10937,6,25.0,9,0.0
10937,36,19.0,3,0.0
10938,16,17.45,10,0.0
10939,45,9.5,20,0.05
10939,21,10.0,23,0.0
10939,34,14.0,22,0.0
10939,23,9.0,8,0.0
10940,38,263.5,9,0.0
10940,23,9.0,24,0.2
10941,26,31.23,3,0.1
10941,30,25.89,22,0.2
10942,41,9.65,7,0.15
10942,45,9.5,19,0.0
10942,42,14.0,14,0.0
10943,5,21.35,4,0.0
10943,18,62.5,22,0.2
10944,10,31.0,1,0.0
10944,15,15.5,13,0.05
10944,18,62.5,13,0.0
10945,7,30.0,19,0.1
10945,34,14.0,18,0.1
10945,23,9.0,20,0.0
10945,45,9.5,29,0.0
10946,36,19.0,5,0.1
10946,39,18.0,1,0.0
10946,26,31.23,22,0.0
10946,31,12.5,5,0.2
10946,38,263.5,19,0.1
10947,46,12.0,12,0.25
10947,30,25.89,17,0.1
10947,12,38.0,9,0.2
10947,29,123.79,17,0.05
10948,41,9.65,3,0.0
10949,36,19.0,14,0.0
10949,32,32.0,16,0.25
10949,1,18.0,17,0.0
10950,48,12.75,22,0.0
10950,23,9.0,20,0.25
10950,16,17.45,6,0.05
10950,43,46.0,6,0.0
10950,34,14.0,12,0.0
10951,8,40.0,8,0.0
10951,22,21.0,10,0.1
10951,44,19.45,16,0.1
10952,3,10.0,12,0.0
10952,30,25.89,20,0.25
10952,40,18.4,11,0.1
10952,32,32.0,12,0.0
10952,4,22.0,1,0.15
10953,13,6.0,29,0.0
10953,6,25.0,14,0.0
10953,34,14.0,30,0.25
10953,33,2.5,1,0.0
10954,24,4.5,18,0.1
10954,28,45.6,4,0.25
10954,12,38.0,22,0.25
10955,8,40.0,10,0.0
10955,13,6.0,5,0.2
10956,43,46.0,16,0.25
10956,18,62.5,26,0.0
10956,8,40.0,11,0.2
10956,27,43.9,17,0.2
10957,1,18.0,22,0.15
10957,50,16.25,14,0.0
10957,44,19.45,14,0.25
10957,16,17.45,10,0.1
10957,4,22.0,16,0.0
10958,50,16.25,23,0.05
10958,8,40.0,22,0.2
10958,17,39.0,7,0.25
10959,41,9.65,13,0.0
10959,10,31.0,9,0.05
10959,15,15.5,30,0.0
10959,8,40.0,14,0.0
10959,9,97.0,20,0.05
10960,15,15.5,14,0.25
10960,22,21.0,2,0.2
10961,46,12.0,11,0.0
10961,27,43.9,6,0.0
10961,16,17.45,1,0.0
10962,7,30.0,12,0.15
10962,28,45.6,10,0.0
10962,12,38.0,4,0.0
10962,17,39.0,22,0.0
10962,32,32.0,11,0.15
10963,14,23.25,3,0.0
10963,38,263.5,5,0.0
10963,25,14.0,2,0.05
10964,22,21.0,7,0.0
10964,20,81.0,2,0.0
10964,47,9.5,7,0.2
10964,31,12.5,18,0.1
10964,49,20.0,29,0.15
10965,34,14.0,20,0.1
10965,33,2.5,23,0.0
10965,2,19.0,10,0.0
10965,11,21.0,19,0.0
10966,5,21.35,13,0.2
10966,11,21.0,13,0.1
10966,29,123.79,7,0.0
10966,49,20.0,1,0.0
10966,33,2.5,19,0.05
10967,17,39.0,9,0.0
10967,20,81.0,6,0.05
10967,15,15.5,2,0.05
10967,19,9.2,10,0.0
10967,46,12.0,21,0.0
10968,14,23.25,4,0.0
10968,35,18.0,21,0.15
10969,17,39.0,10,0.15
10969,47,9.5,2,0.0
10969,9,97.0,27,0.15
10969,27,43.9,8,0.1
10969,40,18.4,6,0.1
10970,41,9.65,7,0.25
10970,39,18.0,8,0.15
10970,36,19.0,9,0.05
10971,24,4.5,16,0.0
10971,10,31.0,15,0.0
10971,31,12.5,27,0.0
10971,6,25.0,7,0.25
10972,26,31.23,20,0.05
10972,44,19.45,3,0.0
10973,9,97.0,4,0.2
10973,47,9.5,13,0.0
10973,49,20.0,4,0.0
10973,1,18.0,25,0.0
10973,39,18.0,5,0.05
10974,7,30.0,18,0.15
10975,29,123.79,5,0.05
10975,11,21.0,2,0.1
10975,20,81.0,21,0.0
10975,22,21.0,1,0.0
10975,31,12.5,4,0.1
10976,15,15.5,14,0.2
10977,44,19.45,6,0.0
10977,46,12.0,8,0.0
10977,8,40.0,10,0.15
10977,32,32.0,3,0.15
10978,22,21.0,5,0.1
10978,39,18.0,20,0.1
10978,12,38.0,12,0.0
10978,44,19.45,9,0.25
10978,28,45.6,22,0.15
10979,50,16.25,5,0.15
10979,42,14.0,5,0.2
10980,10,31.0,5,0.0
10980,6,25.0,25,0.2
10980,21,10.0,12,0.15
10981,25,14.0,18,0.25
10981,27,43.9,18,0.25
10982,34,14.0,26,0.05
10982,37,26.0,23,0.0
10982,50,16.25,8,0.15
10982,45,9.5,1,0.05
10983,4,22.0,30,0.15
10984,27,43.9,24,0.0
10984,16,17.45,4,0.0
10984,14,23.25,13,0.0
10984,15,15.5,23,0.2
10984,4,22.0,12,0.0
10985,2,19.0,12,0.0
10985,10,31.0,3,0.05
10986,48,12.75,10,0.25
10986,9,97.0,14,0.15
10986,34,14.0,15,0.0
10986,45,9.5,10,0.0
10987,26,31.23,27,0.2
10988,28,45.6,9,0.0
10988,11,21.0,17,0.2
10989,48,12.75,20,0.0
10989,36,19.0,27,0.25
10990,42,14.0,9,0.0
10990,28,45.6,4,0.0
10990,13,6.0,12,0.15
10991,1,18.0,7,0.0
10991,49,20.0,8,0.1
10991,20,81.0,3,0.0
10991,13,6.0,19,0.25
10991,36,19.0,2,0.0
10992,33,2.5,13,0.15
10992,13,6.0,5,0.0
10992,21,10.0,11,0.2
10992,49,20.0,29,0.0
10993,31,12.5,6,0.0
10993,38,263.5,22,0.25
10993,3,10.0,3,0.0
10993,19,9.2,23,0.05
10994,34,14.0,11,0.25
10994,47,9.5,26,0.0
10994,39,18.0,11,0.1
10994,42,14.0,12,0.2
10994,50,16.25,2,0.2
10995,7,30.0,28,0.1
10995,1,18.0,18,0.0
10995,10,31.0,16,0.0
10995,50,16.25,15,0.15
10996,6,25.0,23,0.25
10996,5,21.35,9,0.25
10996,12,38.0,9,0.25
10997,26,31.23,30,0.0
10997,27,43.9,15,0.15
10997,40,18.4,17,0.15
10998,40,18.4,21,0.0
10999,19,9.2,13,0.0
11000,23,9.0,15,0.25
11001,26,31.23,25,0.2
11002,32,32.0,4,0.1
11002,14,23.25,15,0.0
11002,45,9.5,18,0.0
11002,48,12.75,16,0.0
11002,31,12.5,21,0.05
11003,28,45.6,2,0.05
11003,31,12.5,28,0.0
11003,14,23.25,25,0.2
11004,26,31.23,28,0.25
11004,6,25.0,28,0.2
11004,20,81.0,17,0.05
11005,22,21.0,7,0.15
11005,49,20.0,14,0.25
11005,20,81.0,16,0.0
11005,11,21.0,23,0.2
11006,13,6.0,20,0.0
11006,5,21.35,11,0.15
11006,47,9.5,1,0.0
11006,43,46.0,29,0.25
11006,38,263.5,30,0.0
11007,29,123.79,27,0.0
11008,27,43.9,18,0.0
11008,45,9.5,20,0.2
11009,2,19.0,27,0.0
11009,20,81.0,23,0.25
11009,33,2.5,21,0.25
11010,8,40.0,14,0.15
11010,12,38.0,6,0.0
11010,30,25.89,18,0.2
11011,6,25.0,26,0.0
11012,35,18.0,19,0.0
11012,7,30.0,22,0.1
11012,41,9.65,28,0.2
11012,29,123.79,7,0.05
11012,33,2.5,25,0.25
11013,30,25.89,23,0.2
11013,27,43.9,1,0.15
11013,42,14.0,26,0.05
11014,44,19.45,2,0.0
11014,16,17.45,1,0.0
11014,1,18.0,26,0.15
11014,27,43.9,27,0.15
11015,13,6.0,27,0.0
11015,40,18.4,26,0.2
11015,42,14.0,5,0.2
11015,26,31.23,24,0.0
11016,33,2.5,21,0.2
11016,8,40.0,27,0.1
11017,28,45.6,1,0.0
11018,48,12.75,24,0.0
11019,20,81.0,18,0.05
11019,13,6.0,24,0.2
11020,41,9.65,21,0.0
11020,2,19.0,4,0.25
11021,6,25.0,16,0.15
11021,5,21.35,30,0.05
11022,14,23.25,22,0.2
11023,12,38.0,22,0.0
11024,8,40.0,1,0.0
11024,13,6.0,17,0.0
11024,39,18.0,7,0.15
11025,18,62.5,7,0.0
11025,31,12.5,12,0.1
11026,17,39.0,7,0.1
11026,12,38.0,13,0.0
11027,28,45.6,9,0.15
11027,29,123.79,20,0.0
11027,39,18.0,20,0.2
11027,48,12.75,14,0.05
11028,33,2.5,9,0.2
11029,12,38.0,26,0.15
11030,24,4.5,11,0.0
11030,10,31.0,1,0.15
11030,50,16.25,23,0.0
11031,5,21.35,17,0.05
11031,25,14.0,4,0.1
11031,19,9.2,23,0.0
11031,39,18.0,19,0.2
11031,14,23.25,22,0.2
11032,32,32.0,4,0.0
11032,3,10.0,15,0.0
11032,18,62.5,20,0.15
11032,27,43.9,19,0.2
11033,1,18.0,2,0.0
11033,30,25.89,11,0.0
11033,19,9.2,3,0.25
11033,9,97.0,4,0.2
11033,26,31.23,24,0.1
11034,32,32.0,13,0.1
11034,40,18.4,23,0.25
11034,4,22.0,16,0.0
11035,9,97.0,4,0.15
11036,47,9.5,27,0.0
11036,24,4.5,30,0.0
11037,17,39.0,11,0.2
11038,10,31.0,29,0.2
11038,49,20.0,21,0.25
11038,38,263.5,22,0.0
11039,50,16.25,8,0.0
11039,47,9.5,9,0.1
11039,31,12.5,23,0.0
11040,4,22.0,7,0.25
11040,14,23.25,27,0.2
11040,1,18.0,7,0.25
11040,43,46.0,4,0.15
11041,46,12.0,5,0.0
11041,30,25.89,30,0.0
11041,42,14.0,8,0.15
11042,5,21.35,14,0.0
11042,18,62.5,22,0.1
11043,48,12.75,4,0.05
11044,29,123.79,3,0.15
11044,23,9.0,14,0.05
11044,17,39.0,5,0.2
11044,8,40.0,17,0.2
11044,36,19.0,17,0.15
11045,47,9.5,7,0.2
11045,28,45.6,6,0.1
11045,13,6.0,17,0.25
11045,19,9.2,17,0.2
11046,3,10.0,19,0.1
11047,45,9.5,24,0.1
11047,46,12.0,16,0.05
11047,26,31.23,6,0.05
11047,7,30.0,12,0.1
11047,15,15.5,23,0.1
11048,31,12.5,6,0.15
11048,48,12.75,22,0.0
11048,20,81.0,6,0.0
11048,45,9.5,11,0.25
11048,16,17.45,5,0.0
11049,5,21.35,25,0.0
11049,11,21.0,20,0.15
11049,44,19.45,16,0.0
11050,37,26.0,22,0.1
11051,7,30.0,10,0.15
11052,24,4.5,27,0.15
11052,30,25.89,10,0.15
11052,1,18.0,29,0.25
11053,15,15.5,16,0.0
11053,43,46.0,8,0.2
11053,10,31.0,12,0.05
11053,23,9.0,24,0.0
11054,29,123.79,12,0.15
11054,34,14.0,13,0.2
11054,12,38.0,9,0.1
11054,17,39.0,7,0.0
11054,44,19.45,19,0.15
11055,19,9.2,16,0.0
11055,8,40.0,15,0.0
11055,1,18.0,17,0.1
11056,19,9.2,1,0.25
11057,28,45.6,12,0.0
11058,43,46.0,23,0.1
11058,50,16.25,5,0.05
11058,36,19.0,14,0.0
11058,10,31.0,10,0.05
11058,6,25.0,2,0.25
11059,17,39.0,30,0.1
11060,44,19.45,7,0.1
11060,50,16.25,5,0.2
11061,35,18.0,4,0.0
11061,12,38.0,17,0.25
11061,25,14.0,23,0.15
11061,28,45.6,17,0.15
11062,2,19.0,3,0.0
11062,36,19.0,20,0.1
11062,50,16.25,26,0.05
11062,27,43.9,19,0.15
11063,9,97.0,15,0.25
11063,26,31.23,27,0.0
11063,43,46.0,3,0.0
11063,1,18.0,9,0.0
11064,8,40.0,24,0.0
11065,20,81.0,10,0.0
11065,41,9.65,26,0.25
11066,8,40.0,4,0.25
11066,34,14.0,1,0.25
11066,7,30.0,13,0.0
11066,16,17.45,30,0.0
11066,14,23.25,10,0.2
11067,43,46.0,5,0.0
11067,40,18.4,6,0.0
11067,8,40.0,27,0.05
11067,28,45.6,6,0.05
11068,24,4.5,13,0.0
11068,43,46.0,15,0.2
11068,18,62.5,27,0.2
11068,26,31.23,5,0.0
11069,42,14.0,21,0.25
11070,23,9.0,28,0.05
11070,33,2.5,12,0.2
11071,22,21.0,26,0.1
11071,30,25.89,30,0.2
11071,46,12.0,3,0.25
11071,9,97.0,13,0.25
11071,18,62.5,20,0.0
11072,38,263.5,27,0.2
11072,23,9.0,3,0.0
11072,40,18.4,1,0.0
11073,21,10.0,26,0.05
11073,49,20.0,4,0.0
11073,15,15.5,24,0.2
11073,50,16.25,25,0.2
11074,29,123.79,25,0.15
11075,25,14.0,18,0.05
11075,9,97.0,7,0.1
11075,41,9.65,16,0.25
11075,37,26.0,22,0.1
11076,6,25.0,1,0.0
11076,38,263.5,7,0.0
11077,22,21.0,6,0.25
