ProductID,ProductName,SupplierID,CategoryID,UnitPrice,UnitsInStock,Discontinued
1,Chai,1,1,18.0,39,0
2,Chang,1,1,19.0,17,0
3,Aniseed Syrup,1,2,10.0,13,0
4,Chef Antons Cajun Seasoning,2,2,22.0,53,0
5,Chef Antons Gumbo Mix,2,2,21.35,0,1
6,Grandmas Boysenberry Spread,3,2,25.0,120,0
7,Uncle Bobs Organic Dried Pears,3,7,30.0,15,0
8,Northwoods Cranberry Sauce,3,2,40.0,6,0
9,Mishi Kobe Niku,4,6,97.0,29,1
10,Ikura,4,8,31.0,31,0
11,Queso Cabrales,5,4,21.0,22,0
12,Queso Manchego La Pastora,5,4,38.0,86,0
13,Konbu,6,8,6.0,24,0
14,Tofu,6,7,23.25,35,0
15,Genen Shouyu,6,2,15.5,39,0
16,Pavlova,7,3,17.45,29,0
17,Alice Mutton,7,6,39.0,0,1
18,Carnarvon Tigers,7,8,62.5,42,0
19,Teatime Chocolate Biscuits,8,3,9.2,25,0
20,Sir Rodneys Marmalade,8,3,81.0,40,0
21,Sir Rodneys Scones,8,3,10.0,3,0
22,Gustafs Knackebrod,9,5,21.0,104,0
23,Tunnbrod,9,5,9.0,61,0
24,Guarana Fantastica,10,1,4.5,20,1
25,NuNuCa Nuss-Nougat-Creme,10,3,14.0,76,0
26,Gumbar Gummibarchen,10,3,31.23,15,0
27,Schoggi Schokolade,10,3,43.9,49,0
28,Rossle Sauerkraut,10,7,45.6,26,1
29,Thuringer Rostbratwurst,10,6,123.79,0,1
30,Nord-Ost Matjeshering,10,8,25.89,10,0
31,Gorgonzola Telino,10,4,12.5,0,0
32,Mascarpone Fabioli,10,4,32.0,9,0
33,Geitost,10,4,2.5,112,0
34,Sasquatch Ale,10,1,14.0,111,0
35,Steeleye Stout,10,1,18.0,20,0
36,Inlagd Sill,10,8,19.0,112,0
37,Gravad lax,10,8,26.0,11,0
38,Cote de Blaye,10,1,263.5,17,0
39,Chartreuse verte,10,1,18.0,69,0
40,Boston Crab Meat,10,8,18.4,123,0
41,Jacks New England Clam Chowder,10,8,9.65,85,0
42,Singaporean Hokkien Fried Mee,10,5,14.0,26,1
43,Ipoh Coffee,10,1,46.0,17,0
44,Gula Malacca,10,2,19.45,27,0
45,Rogede sild,10,8,9.5,5,0
46,Spegesild,10,8,12.0,95,0
47,Zaanse koeken,10,3,9.5,36,0
48,Chocolade,10,3,12.75,15,0
49,Maxilaku,10,3,20.0,10,0
50,Valkoinen suklaa,10,3,16.25,65,0
